algorithm,universe_size,num_test_cases,mean_global_found_ratio,mean_num_qubits,mean_num_couplers,mean_runtime_seconds,num_pa_values,count
CardinalitySweep,2,2,1.0,2.0,1.0,0.11911384264628087,1,3
CardinalitySweep,4,3,1.0,4.0,5.0,0.13882954915364576,1,3
CardinalitySweep,4,4,1.0,4.5,7.0,0.1449889739354451,2,6
CardinalitySweep,4,5,1.0,4.0,6.0,0.14190324147542313,1,3
CardinalitySweep,4,6,1.0,4.0,6.0,0.14084204037984208,1,3
CardinalitySweep,5,1,1.0,1.0,0.0,0.00018493334452306665,1,3
CardinalitySweep,5,2,1.0,1.0,0.0,0.00016887982686353333,1,3
CardinalitySweep,5,4,1.0,5.0,7.333333333333333,0.20871231291029183,3,9
CardinalitySweep,5,5,1.0,6.25,13.5,0.30164339145024616,4,12
CardinalitySweep,5,6,1.0,4.5,8.0,0.1462019284566243,2,6
CardinalitySweep,5,7,1.0,12.0,36.0,0.7394009431203207,2,6
CardinalitySweep,5,8,1.0,8.5,21.5,0.4508531490961711,2,6
CardinalitySweep,5,9,1.0,9.5,23.5,0.603866974512736,2,6
CardinalitySweep,5,10,1.0,8.5,21.25,0.5161478916803995,4,12
CardinalitySweep,5,12,1.0,7.5,15.0,0.5105065902074178,2,6
CardinalitySweep,5,13,1.0,11.0,28.0,0.7076803843180338,1,3
CardinalitySweep,5,14,1.0,6.5,13.0,0.2670973539352417,2,6
CardinalitySweep,5,15,1.0,6.0,12.0,0.16773573557535806,1,3
CardinalitySweep,5,16,1.0,5.0,10.0,0.15346749623616537,1,3
CardinalitySweep,5,18,1.0,7.0,14.0,0.3606775601704915,1,3
CardinalitySweep,5,19,1.0,5.0,10.0,0.15330115954081214,1,3
CardinalitySweep,5,20,1.0,6.0,12.0,0.16607626279195145,1,3
CardinalitySweep,5,22,1.0,5.0,10.0,0.15623068809509275,1,3
CardinalitySweep,5,23,1.0,5.0,10.0,0.1478517055511474,1,3
CardinalitySweep,5,24,1.0,5.0,10.0,0.15314896901448566,1,3
CardinalitySweep,5,29,1.0,5.0,10.0,0.15121221542358393,1,3
CardinalitySweep,6,5,1.0,7.0,17.0,0.1843804518381754,1,3
CardinalitySweep,7,5,1.0,9.0,25.0,0.2054069836934407,1,3
CardinalitySweep,8,5,1.0,11.0,37.0,0.3572091261545817,2,6
CardinalitySweep,9,5,1.0,20.0,89.0,1.525554100672404,1,3
CardinalitySweep,9,10,1.0,13.0,49.0,0.5353567600250244,1,3
CardinalitySweep,9,11,1.0,9.0,36.0,0.2126243909200032,1,3
CardinalitySweep,10,3,1.0,6.0,13.0,0.16136137644449863,1,3
CardinalitySweep,10,4,1.0,6.0,9.0,0.33418083190917963,1,3
CardinalitySweep,10,5,1.0,16.6,76.6,0.9549049059549968,5,15
CardinalitySweep,10,7,1.0,20.0,96.0,1.4856878121693928,1,3
CardinalitySweep,10,9,1.0,19.5,95.0,1.3479307492574055,2,6
CardinalitySweep,10,10,1.0,27.4,149.8,3.1548615455627442,5,15
CardinalitySweep,10,16,1.0,33.0,261.0,3.9990753332773843,1,3
CardinalitySweep,10,21,1.0,25.0,159.0,3.109295924504598,2,6
CardinalitySweep,10,22,1.0,29.5,192.0,4.179763118426005,2,6
CardinalitySweep,10,24,1.0,13.0,51.0,0.5357919534047445,1,3
CardinalitySweep,10,25,1.0,30.25,155.75,4.207759241263072,4,12
CardinalitySweep,10,29,1.0,40.0,282.0,6.716909011205037,1,3
CardinalitySweep,10,36,1.0,10.0,45.0,0.22593760490417478,1,3
CardinalitySweep,10,45,1.0,12.0,49.0,0.25416787465413404,1,3
CardinalitySweep,10,46,1.0,32.0,126.0,3.858843962351481,2,6
CardinalitySweep,10,47,0.9948717948717949,64.0,384.0,9.850479284922281,1,3
CardinalitySweep,10,48,1.0,60.5,342.5,9.204148093859354,2,6
CardinalitySweep,12,9,1.0,17.0,76.0,0.994824488957723,1,3
CardinalitySweep,15,5,1.0,24.0,153.0,12.178465445836386,1,3
CardinalitySweep,16,5,0.9888888888888888,31.0,243.0,2.670797427495321,1,3
CardinalitySweep,20,10,0.8225806451612904,38.0,297.0,4.8413504759470625,1,3
CardinalitySweep,21,5,0.8586497890295358,35.0,311.0,2.316566069920858,1,3
CardinalitySweep,21,10,1.0,33.0,249.0,8.46215295791626,1,3
CardinalitySweep,22,23,1.0,27.0,241.0,1.1039334138234456,1,3
CardinalitySweep,23,10,0.6063492063492063,59.0,609.0,11.619225660959879,1,3
CardinalitySweep,24,5,0.7413479052823315,43.0,491.0,3.9288790225982666,1,3
CardinalitySweep,24,10,0.37475109518120275,52.0,461.0,8.837051550547281,1,3
CardinalitySweep,24,25,0.8431372549019608,48.0,376.0,9.329538742701212,1,3
CardinalitySweep,24,37,1.0,29.0,289.0,1.21358060836792,1,3
CardinalitySweep,25,5,0.9357792007302699,36.166666666666664,399.0,3.1793541775809393,6,18
CardinalitySweep,25,9,1.0,40.0,388.0,5.092458486557007,1,3
CardinalitySweep,25,10,0.6648025436061953,65.6,961.0,13.804951333999634,5,15
CardinalitySweep,25,18,1.0,64.0,872.0,15.79039454460144,1,3
CardinalitySweep,25,25,0.19191958787724311,124.71428571428571,1920.142857142857,63.490455547968544,7,21
CardinalitySweep,25,32,0.9151785714285715,98.0,1948.0,33.43969472249349,1,3
CardinalitySweep,25,49,0.641025641025641,59.0,451.0,16.07142225901286,1,3
CardinalitySweep,25,50,0.017132543885541456,209.42857142857142,3287.1428571428573,106.91527773085095,7,21
CardinalitySweep,34,5,0.1612084870848708,50.0,715.0,14.204488833745321,1,3
CardinalitySweep,39,5,0.3789836347975883,60.0,1060.0,20.021913448969524,1,3
CardinalitySweep,39,10,0.06986636193378407,70.0,1006.0,40.43776297569275,1,3
CardinalitySweep,41,25,0.06135170603674537,68.0,931.0,45.905415852864586,1,3
CardinalitySweep,44,5,0.39504504504504506,65.0,1342.0,20.77710509300232,1,3
CardinalitySweep,45,48,0.1743844174935685,74.0,1095.0,53.172574043273926,1,3
CardinalitySweep,47,10,0.03574581905058683,87.0,1609.0,49.35685380299886,1,3
CardinalitySweep,48,5,0.4433678139579141,69.33333333333333,1630.6666666666667,21.457903332180447,3,9
CardinalitySweep,49,10,0.056021999951327534,94.0,2045.0,53.17808437347412,1,3
CardinalitySweep,50,5,0.8375330222642448,49.333333333333336,881.6666666666666,19.090686983532375,3,9
CardinalitySweep,50,9,1.0,44.0,542.0,27.04109803835551,1,3
CardinalitySweep,50,10,0.22459631037564026,102.8,2981.2,59.06017829577128,5,15
CardinalitySweep,50,21,0.5577889447236181,119.0,2996.0,110.23070931434631,1,3
CardinalitySweep,50,25,0.010349241483772033,172.25,4776.625,196.14418284098306,8,24
CardinalitySweep,50,41,0.0398009950248756,224.0,8836.0,308.0259877045949,1,3
CardinalitySweep,50,50,0.0001497899194713849,293.875,8321.25,544.0286510388056,8,24
RecursivePUBO,2,2,1.0,2.0,1.0,0.11732196807861323,1,3
RecursivePUBO,4,3,1.0,4.0,5.0,0.13688309987386063,1,3
RecursivePUBO,4,4,1.0,4.5,7.0,0.27287403742472327,2,6
RecursivePUBO,4,5,1.0,4.0,6.0,0.4022940794626872,1,3
RecursivePUBO,4,6,1.0,4.0,6.0,0.27567005157470703,1,3
RecursivePUBO,5,1,1.0,1.0,0.0,0.00011595090230303333,1,3
RecursivePUBO,5,2,1.0,1.0,0.0,0.0001100699106852,1,3
RecursivePUBO,5,4,1.0,5.0,7.333333333333333,0.20813292927212182,3,9
RecursivePUBO,5,5,1.0,6.25,13.5,0.33913185199101764,4,12
RecursivePUBO,5,6,1.0,4.5,8.0,0.36240577697753906,2,6
RecursivePUBO,5,7,1.0,13.5,40.5,0.7658891677856445,2,6
RecursivePUBO,5,8,1.0,9.0,23.0,0.6729388236999512,2,6
RecursivePUBO,5,9,1.0,11.0,28.0,0.793431560198466,2,6
RecursivePUBO,5,10,1.0,9.25,23.5,0.8001139760017395,4,12
RecursivePUBO,5,12,1.0,8.5,18.0,0.7453118960062662,2,6
RecursivePUBO,5,13,1.0,12.0,31.0,0.7072288195292155,1,3
RecursivePUBO,5,14,1.0,6.5,13.0,0.4089272816975911,2,6
RecursivePUBO,5,15,1.0,6.0,12.0,0.4796091715494792,1,3
RecursivePUBO,5,16,1.0,5.0,10.0,0.5837998390197754,1,3
RecursivePUBO,5,18,1.0,8.0,17.0,0.5426700115203857,1,3
RecursivePUBO,5,19,1.0,5.0,10.0,0.5908650557200114,1,3
RecursivePUBO,5,20,1.0,6.0,12.0,0.4798123041788737,1,3
RecursivePUBO,5,22,1.0,5.0,10.0,0.5908939043680826,1,3
RecursivePUBO,5,23,1.0,5.0,10.0,0.2948304812113444,1,3
RecursivePUBO,5,24,1.0,5.0,10.0,0.4459071159362793,1,3
RecursivePUBO,5,29,1.0,5.0,10.0,0.5900620619455973,1,3
RecursivePUBO,6,5,1.0,7.0,17.0,0.5336221059163412,1,3
RecursivePUBO,7,5,1.0,9.0,25.0,0.8218101660410563,1,3
RecursivePUBO,8,5,1.0,11.5,38.5,0.8468173742294312,2,6
RecursivePUBO,9,5,1.0,27.0,110.0,1.6361984411875408,1,3
RecursivePUBO,9,10,1.0,20.0,71.0,1.4199408690134685,1,3
RecursivePUBO,9,11,1.0,9.0,36.0,1.7566463947296143,1,3
RecursivePUBO,10,3,1.0,6.0,13.0,0.1622219085693359,1,3
RecursivePUBO,10,4,1.0,6.0,9.0,0.335063378016154,1,3
RecursivePUBO,10,5,1.0,18.2,81.8,0.960442590713501,5,15
RecursivePUBO,10,7,1.0,20.0,96.0,1.4649077256520588,1,3
RecursivePUBO,10,9,1.0,28.5,125.0,1.7434243361155193,2,6
RecursivePUBO,10,10,1.0,46.8,215.0,4.016994873682658,5,15
RecursivePUBO,10,16,1.0,33.0,261.0,3.7726564407348633,1,3
RecursivePUBO,10,21,1.0,31.5,179.0,3.8453471660614014,2,6
RecursivePUBO,10,22,1.0,38.5,225.0,5.770941932996114,2,6
RecursivePUBO,10,24,1.0,22.0,79.0,1.7532107830047607,1,3
RecursivePUBO,10,25,1.0,60.0,255.75,6.711722115675609,4,12
RecursivePUBO,10,29,1.0,48.0,309.0,7.177781581878662,1,3
RecursivePUBO,10,36,1.0,10.0,45.0,1.9142394065856934,1,3
RecursivePUBO,10,45,1.0,12.0,49.0,1.9149904251098635,1,3
RecursivePUBO,10,46,1.0,63.0,231.0,6.390854239463806,2,6
RecursivePUBO,10,47,1.0,127.0,615.0,14.670726458231607,1,3
RecursivePUBO,10,48,1.0,118.5,548.5,13.245880325635275,2,6
RecursivePUBO,12,9,1.0,33.0,124.0,2.759450912475586,1,3
RecursivePUBO,15,5,1.0,48.0,240.0,16.483560005823772,1,3
RecursivePUBO,16,5,1.0,60.0,350.0,3.28533140818278,1,3
RecursivePUBO,20,10,0.8082437275985663,205.0,936.3333333333334,12.696256001790365,1,3
RecursivePUBO,21,5,0.9556962025316454,172.0,924.0,4.85615340868632,1,3
RecursivePUBO,21,10,0.9985380116959064,664.6666666666666,2333.6666666666665,40.51976275444031,1,3
RecursivePUBO,22,23,1.0,117.0,522.0,11.674171606699625,1,3
RecursivePUBO,23,10,0.796031746031746,360.0,1756.6666666666667,34.59893266359965,1,3
RecursivePUBO,24,5,0.9617486338797813,251.0,1328.0,7.8011423746744795,1,3
RecursivePUBO,24,10,0.4671445639187574,617.0,2475.6666666666665,43.272070010503136,1,3
RecursivePUBO,24,25,0.6162464985994397,366.0,1394.3333333333333,38.015650510787964,1,3
RecursivePUBO,24,37,1.0,78.0,443.0,12.825304587682089,1,3
RecursivePUBO,25,5,1.0,63.833333333333336,503.1666666666667,3.614412479930454,6,18
RecursivePUBO,25,9,1.0,40.0,388.0,4.730092763900757,1,3
RecursivePUBO,25,10,0.8563430822504752,251.13333333333333,1715.7333333333333,29.22266591389974,5,15
RecursivePUBO,25,18,1.0,64.0,872.0,15.317169904708862,1,3
RecursivePUBO,25,25,0.21213039144642734,409.6666666666667,2914.809523809524,136.8719869341169,7,21
RecursivePUBO,25,32,0.9017857142857143,98.0,1948.0,33.099064350128174,1,3
RecursivePUBO,25,49,0.20715249662618077,510.3333333333333,1905.3333333333333,79.83918770154317,1,3
RecursivePUBO,25,50,0.016183670725764227,332.6190476190476,3674.3333333333335,134.41217844826835,7,21
RecursivePUBO,34,5,0.24884686346863463,428.0,2267.3333333333335,23.379921038945515,1,3
RecursivePUBO,39,5,0.6818834338214182,392.3333333333333,2624.0,26.192503929138184,1,3
RecursivePUBO,39,10,0.053486969494968666,1066.3333333333333,4422.0,97.30825074513753,1,3
RecursivePUBO,41,25,0.026082677165354298,1021.3333333333334,3938.0,160.67403602600098,1,3
RecursivePUBO,44,5,0.6752252252252252,418.6666666666667,3020.6666666666665,28.967117071151733,1,3
RecursivePUBO,45,48,0.0769937522969496,2627.6666666666665,9022.333333333334,369.7005213101705,1,3
RecursivePUBO,47,10,0.0387322114885218,1048.6666666666667,5188.333333333333,118.28745929400127,1,3
RecursivePUBO,48,5,0.9088875008252211,295.3333333333333,2714.8888888888887,26.747132619222004,3,9
RecursivePUBO,49,10,0.0762940789954004,1070.3333333333333,5638.666666666667,124.90752442677815,1,3
RecursivePUBO,50,5,0.9911586170493533,109.88888888888889,1165.0,20.348477204640705,3,9
RecursivePUBO,50,9,1.0,44.0,542.0,26.453644037246704,1,3
RecursivePUBO,50,10,0.32608338298051565,449.06666666666666,4299.133333333333,88.8983150323232,5,15
RecursivePUBO,50,21,0.577889447236181,119.0,2996.0,110.24548331896465,1,3
RecursivePUBO,50,25,0.009922541370367396,699.7083333333334,6449.541666666667,304.7812133530776,8,24
RecursivePUBO,50,41,0.03750478377344044,224.0,8836.0,307.7762107849121,1,3
RecursivePUBO,50,50,0.00013877405644863188,508.7083333333333,8984.5,642.3027404149374,8,24
RecursivePUBO With Adaptive Qubits,2,2,1.0,2.0,1.0,0.11809571584065753,1,3
RecursivePUBO With Adaptive Qubits,4,3,1.0,4.0,5.0,0.1392250061035156,1,3
RecursivePUBO With Adaptive Qubits,4,4,1.0,4.5,7.0,0.27587934335072833,2,6
RecursivePUBO With Adaptive Qubits,4,5,1.0,4.0,6.0,0.40157357851664227,1,3
RecursivePUBO With Adaptive Qubits,4,6,1.0,4.0,6.0,0.27120033899943036,1,3
RecursivePUBO With Adaptive Qubits,5,1,1.0,1.0,0.0,9.854634602863333e-05,1,3
RecursivePUBO With Adaptive Qubits,5,2,1.0,1.0,0.0,9.42548116048177e-05,1,3
RecursivePUBO With Adaptive Qubits,5,4,1.0,5.0,7.333333333333333,0.20722103118896482,3,9
RecursivePUBO With Adaptive Qubits,5,5,1.0,6.25,13.5,0.33036845922470087,4,12
RecursivePUBO With Adaptive Qubits,5,6,1.0,4.5,8.0,0.3646241823832194,2,6
RecursivePUBO With Adaptive Qubits,5,7,1.0,13.5,40.5,0.7216520309448242,2,6
RecursivePUBO With Adaptive Qubits,5,8,1.0,9.0,23.0,0.6546851396560669,2,6
RecursivePUBO With Adaptive Qubits,5,9,1.0,11.0,28.0,0.7736804087956747,2,6
RecursivePUBO With Adaptive Qubits,5,10,1.0,9.25,23.5,0.7803844213485718,4,12
RecursivePUBO With Adaptive Qubits,5,12,1.0,8.5,18.0,0.751566211382548,2,6
RecursivePUBO With Adaptive Qubits,5,13,1.0,12.0,31.0,0.6855239073435465,1,3
RecursivePUBO With Adaptive Qubits,5,14,1.0,6.5,13.0,0.4156861702601115,2,6
RecursivePUBO With Adaptive Qubits,5,15,1.0,6.0,12.0,0.4938153425852458,1,3
RecursivePUBO With Adaptive Qubits,5,16,1.0,5.0,10.0,0.586579163869222,1,3
RecursivePUBO With Adaptive Qubits,5,18,1.0,8.0,17.0,0.5436587333679199,1,3
RecursivePUBO With Adaptive Qubits,5,19,1.0,5.0,10.0,0.5886655648549398,1,3
RecursivePUBO With Adaptive Qubits,5,20,1.0,6.0,12.0,0.48269303639729816,1,3
RecursivePUBO With Adaptive Qubits,5,22,1.0,5.0,10.0,0.5854505697886149,1,3
RecursivePUBO With Adaptive Qubits,5,23,1.0,5.0,10.0,0.2958354949951172,1,3
RecursivePUBO With Adaptive Qubits,5,24,1.0,5.0,10.0,0.4440009593963623,1,3
RecursivePUBO With Adaptive Qubits,5,29,1.0,5.0,10.0,0.5857233206431071,1,3
RecursivePUBO With Adaptive Qubits,6,5,1.0,7.0,17.0,0.536042849222819,1,3
RecursivePUBO With Adaptive Qubits,7,5,1.0,9.0,25.0,0.8219911257425944,1,3
RecursivePUBO With Adaptive Qubits,8,5,1.0,11.5,38.5,0.8259031772613525,2,6
RecursivePUBO With Adaptive Qubits,9,5,1.0,27.0,110.0,1.5224673748016357,1,3
RecursivePUBO With Adaptive Qubits,9,10,1.0,20.0,71.0,1.4184501965840657,1,3
RecursivePUBO With Adaptive Qubits,9,11,1.0,9.0,36.0,1.7606292565663655,1,3
RecursivePUBO With Adaptive Qubits,10,3,1.0,5.0,9.0,0.14849154154459634,1,3
RecursivePUBO With Adaptive Qubits,10,4,1.0,6.0,9.0,0.3371391296386719,1,3
RecursivePUBO With Adaptive Qubits,10,5,1.0,17.4,75.6,0.8513440608978271,5,15
RecursivePUBO With Adaptive Qubits,10,7,1.0,20.0,96.0,1.2235736846923828,1,3
RecursivePUBO With Adaptive Qubits,10,9,1.0,28.5,125.0,1.5970327456792195,2,6
RecursivePUBO With Adaptive Qubits,10,10,1.0,46.8,215.0,3.760797611872355,5,15
RecursivePUBO With Adaptive Qubits,10,16,1.0,31.0,237.0,3.0412288506825766,1,3
RecursivePUBO With Adaptive Qubits,10,21,1.0,31.5,179.0,3.5654136737187705,2,6
RecursivePUBO With Adaptive Qubits,10,22,1.0,38.5,225.0,5.3574269612630205,2,6
RecursivePUBO With Adaptive Qubits,10,24,1.0,22.0,79.0,1.7460736433664958,1,3
RecursivePUBO With Adaptive Qubits,10,25,1.0,60.0,255.75,6.412160873413086,4,12
RecursivePUBO With Adaptive Qubits,10,29,1.0,48.0,309.0,6.538576443990071,1,3
RecursivePUBO With Adaptive Qubits,10,36,1.0,10.0,45.0,1.9160137176513672,1,3
RecursivePUBO With Adaptive Qubits,10,45,1.0,12.0,49.0,1.9345529079437256,1,3
RecursivePUBO With Adaptive Qubits,10,46,1.0,63.0,231.0,6.24363374710083,2,6
RecursivePUBO With Adaptive Qubits,10,47,1.0,127.0,615.0,13.77103853225708,1,3
RecursivePUBO With Adaptive Qubits,10,48,1.0,118.5,548.5,12.390699545542398,2,6
RecursivePUBO With Adaptive Qubits,12,9,1.0,33.0,124.0,2.7574642499287925,1,3
RecursivePUBO With Adaptive Qubits,15,5,1.0,48.0,240.0,16.277905066808064,1,3
RecursivePUBO With Adaptive Qubits,16,5,1.0,59.0,338.0,2.8698341846466064,1,3
RecursivePUBO With Adaptive Qubits,20,10,0.8118279569892474,205.66666666666666,939.0,12.480601787567139,1,3
RecursivePUBO With Adaptive Qubits,21,5,0.9578059071729957,171.0,912.0,4.449210246404012,1,3
RecursivePUBO With Adaptive Qubits,21,10,1.0,665.0,2335.0,40.425276597340904,1,3
RecursivePUBO With Adaptive Qubits,22,23,1.0,117.0,522.0,11.682907422383627,1,3
RecursivePUBO With Adaptive Qubits,23,10,0.7730158730158729,346.6666666666667,1707.0,32.24179299672445,1,3
RecursivePUBO With Adaptive Qubits,24,5,0.982695810564663,249.0,1287.0,7.164822657903035,1,3
RecursivePUBO With Adaptive Qubits,24,10,0.46117084826762245,606.0,2440.0,42.402782360712685,1,3
RecursivePUBO With Adaptive Qubits,24,25,0.6386554621848739,372.3333333333333,1416.0,38.21617046991984,1,3
RecursivePUBO With Adaptive Qubits,24,37,1.0,78.0,443.0,12.843520641326904,1,3
RecursivePUBO With Adaptive Qubits,25,5,0.9997013142174433,59.5,439.44444444444446,2.962592707739936,6,18
RecursivePUBO With Adaptive Qubits,25,9,1.0,33.0,297.0,3.4650375048319497,1,3
RecursivePUBO With Adaptive Qubits,25,10,0.8783552929956986,258.93333333333334,1708.9333333333334,27.13128480911255,5,15
RecursivePUBO With Adaptive Qubits,25,18,1.0,64.0,872.0,12.816241900126139,1,3
RecursivePUBO With Adaptive Qubits,25,25,0.3762040981163282,469.1904761904762,3184.3809523809523,147.2916785875956,7,21
RecursivePUBO With Adaptive Qubits,25,32,1.0,83.0,1579.0,24.549936056137085,1,3
RecursivePUBO With Adaptive Qubits,25,49,0.20782726045883937,517.0,1925.6666666666667,80.20403893788655,1,3
RecursivePUBO With Adaptive Qubits,25,50,0.20401233547958628,484.23809523809524,4284.714285714285,167.13309482165747,7,21
RecursivePUBO With Adaptive Qubits,34,5,0.24953874538745383,427.6666666666667,2246.0,23.049434026082356,1,3
RecursivePUBO With Adaptive Qubits,39,5,0.6965259833476888,394.6666666666667,2564.3333333333335,24.791560967763264,1,3
RecursivePUBO With Adaptive Qubits,39,10,0.0537409135637875,1070.6666666666667,4437.0,96.68072827657063,1,3
RecursivePUBO With Adaptive Qubits,41,25,0.026410761154855567,1017.6666666666666,3928.6666666666665,160.04237580299377,1,3
RecursivePUBO With Adaptive Qubits,44,5,0.6801801801801801,417.3333333333333,2887.6666666666665,27.335654735565186,1,3
RecursivePUBO With Adaptive Qubits,45,48,0.07892319000367508,2708.6666666666665,9272.333333333334,378.10713307062787,1,3
RecursivePUBO With Adaptive Qubits,47,10,0.0395112703853744,1079.0,5293.333333333333,118.07532986005147,1,3
RecursivePUBO With Adaptive Qubits,48,5,0.9104626224115919,284.44444444444446,2441.3333333333335,24.713859266704983,3,9
RecursivePUBO With Adaptive Qubits,49,10,0.08342459419337563,1160.3333333333333,5874.0,126.8164750734965,1,3
RecursivePUBO With Adaptive Qubits,50,5,0.9920823436262867,101.88888888888889,982.1111111111111,18.978288173675537,3,9
RecursivePUBO With Adaptive Qubits,50,9,1.0,37.0,426.0,25.32264256477356,1,3
RecursivePUBO With Adaptive Qubits,50,10,0.47803944404599047,513.8,4118.333333333333,85.37356224060059,5,15
RecursivePUBO With Adaptive Qubits,50,21,0.9958123953098826,119.0,2996.0,98.71739109357198,1,3
RecursivePUBO With Adaptive Qubits,50,25,0.10354582731595123,830.125,6590.0,319.8677132328351,8,24
RecursivePUBO With Adaptive Qubits,50,41,0.8939915805587448,194.0,7446.0,254.9483629067739,1,3
RecursivePUBO With Adaptive Qubits,50,50,0.03506303800824302,791.0416666666666,9935.25,771.7105854352316,8,24
RecursivePUBO With Preprocessing,2,2,1.0,2.0,1.0,0.11998049418131507,1,3
RecursivePUBO With Preprocessing,4,3,1.0,4.0,5.0,0.13745037714640293,1,3
RecursivePUBO With Preprocessing,4,4,1.0,4.5,7.0,0.14528242746988929,2,6
RecursivePUBO With Preprocessing,4,5,1.0,4.0,6.0,0.1411074797312418,1,3
RecursivePUBO With Preprocessing,4,6,1.0,4.0,6.0,0.14213252067565915,1,3
RecursivePUBO With Preprocessing,5,1,1.0,1.0,0.0,0.0001022815704345526,1,3
RecursivePUBO With Preprocessing,5,2,1.0,1.0,0.0,9.679794311523438e-05,1,3
RecursivePUBO With Preprocessing,5,4,1.0,5.0,7.333333333333333,0.20820143487718368,3,9
RecursivePUBO With Preprocessing,5,5,1.0,6.25,13.5,0.22159073750178016,4,12
RecursivePUBO With Preprocessing,5,6,1.0,4.5,8.0,0.14501786231994623,2,6
RecursivePUBO With Preprocessing,5,7,1.0,13.5,40.5,0.766028086344401,2,6
RecursivePUBO With Preprocessing,5,8,1.0,9.0,23.0,0.4527354637781779,2,6
RecursivePUBO With Preprocessing,5,9,1.0,11.0,28.0,0.6378173828125,2,6
RecursivePUBO With Preprocessing,5,10,1.0,9.25,23.5,0.5331987142562866,4,12
RecursivePUBO With Preprocessing,5,12,1.0,8.5,18.0,0.5371535221735636,2,6
RecursivePUBO With Preprocessing,5,13,1.0,12.0,31.0,0.715356190999349,1,3
RecursivePUBO With Preprocessing,5,14,1.0,6.5,13.0,0.26419572035471595,2,6
RecursivePUBO With Preprocessing,5,15,1.0,6.0,12.0,0.16386628150939936,1,3
RecursivePUBO With Preprocessing,5,16,1.0,5.0,10.0,0.15655167897542313,1,3
RecursivePUBO With Preprocessing,5,18,1.0,8.0,17.0,0.3680233160654704,1,3
RecursivePUBO With Preprocessing,5,19,1.0,5.0,10.0,0.157200813293457,1,3
RecursivePUBO With Preprocessing,5,20,1.0,6.0,12.0,0.16468342145284012,1,3
RecursivePUBO With Preprocessing,5,22,1.0,5.0,10.0,0.1573537190755208,1,3
RecursivePUBO With Preprocessing,5,23,1.0,5.0,10.0,0.15087389945983884,1,3
RecursivePUBO With Preprocessing,5,24,1.0,5.0,10.0,0.15440042813618973,1,3
RecursivePUBO With Preprocessing,5,29,1.0,5.0,10.0,0.15360411008199049,1,3
RecursivePUBO With Preprocessing,6,5,1.0,7.0,17.0,0.1817413171132405,1,3
RecursivePUBO With Preprocessing,7,5,1.0,9.0,25.0,0.2057700157165527,1,3
RecursivePUBO With Preprocessing,8,5,1.0,11.5,38.5,0.3631816307703653,2,6
RecursivePUBO With Preprocessing,9,5,1.0,27.0,110.0,1.6289445559183757,1,3
RecursivePUBO With Preprocessing,9,10,1.0,20.0,71.0,0.6227259635925293,1,3
RecursivePUBO With Preprocessing,9,11,1.0,9.0,36.0,0.21345631281534827,1,3
RecursivePUBO With Preprocessing,10,3,1.0,6.0,13.0,0.16233428319295243,1,3
RecursivePUBO With Preprocessing,10,4,1.0,6.0,9.0,0.33308545748392737,1,3
RecursivePUBO With Preprocessing,10,5,1.0,18.2,81.8,0.9615342775980632,5,15
RecursivePUBO With Preprocessing,10,7,1.0,20.0,96.0,1.4690669377644856,1,3
RecursivePUBO With Preprocessing,10,9,1.0,28.5,125.0,1.435376763343811,2,6
RecursivePUBO With Preprocessing,10,10,1.0,46.8,215.0,3.9529476006825766,5,15
RecursivePUBO With Preprocessing,10,16,1.0,33.0,261.0,3.7620668411254887,1,3
RecursivePUBO With Preprocessing,10,21,1.0,31.5,179.0,3.166093031565348,2,6
RecursivePUBO With Preprocessing,10,22,1.0,38.5,225.0,4.78120215733846,2,6
RecursivePUBO With Preprocessing,10,24,1.0,22.0,79.0,0.6566545963287354,1,3
RecursivePUBO With Preprocessing,10,25,1.0,60.0,255.75,6.315910478432973,4,12
RecursivePUBO With Preprocessing,10,29,1.0,48.0,309.0,7.176506598790486,1,3
RecursivePUBO With Preprocessing,10,36,1.0,10.0,45.0,0.22843146324157712,1,3
RecursivePUBO With Preprocessing,10,45,1.0,12.0,49.0,0.25586477915445965,1,3
RecursivePUBO With Preprocessing,10,46,1.0,63.0,231.0,5.470646301905314,2,6
RecursivePUBO With Preprocessing,10,47,1.0,127.0,615.0,14.693623542785645,1,3
RecursivePUBO With Preprocessing,10,48,1.0,118.5,548.5,13.22271760304769,2,6
RecursivePUBO With Preprocessing,12,9,1.0,33.0,124.0,1.4224880536397297,1,3
RecursivePUBO With Preprocessing,15,5,1.0,48.0,240.0,12.422919193903605,1,3
RecursivePUBO With Preprocessing,16,5,1.0,60.0,350.0,3.2671802838643393,1,3
RecursivePUBO With Preprocessing,20,10,0.8243727598566308,207.66666666666666,947.3333333333334,11.339359203974405,1,3
RecursivePUBO With Preprocessing,21,5,0.9504219409282699,172.0,924.0,4.1697587966918945,1,3
RecursivePUBO With Preprocessing,21,10,1.0,665.0,2335.0,15.06734530131022,1,3
RecursivePUBO With Preprocessing,22,23,1.0,117.0,522.0,2.256135622660319,1,3
RecursivePUBO With Preprocessing,23,10,0.7896825396825397,355.3333333333333,1740.0,34.28416347503662,1,3
RecursivePUBO With Preprocessing,24,5,0.97632058287796,251.33333333333334,1333.3333333333333,7.79229195912679,1,3
RecursivePUBO With Preprocessing,24,10,0.4631620868180007,618.3333333333334,2477.0,42.59282604853312,1,3
RecursivePUBO With Preprocessing,24,25,0.6330532212885154,375.6666666666667,1425.3333333333333,34.16914669672648,1,3
RecursivePUBO With Preprocessing,24,37,1.0,78.0,443.0,1.8784430821736653,1,3
RecursivePUBO With Preprocessing,25,5,0.9997013142174433,63.77777777777778,502.94444444444446,3.61040731271108,6,18
RecursivePUBO With Preprocessing,25,9,1.0,40.0,388.0,4.728350639343262,1,3
RecursivePUBO With Preprocessing,25,10,0.8598957969047585,258.0,1740.2,29.74723064104716,5,15
RecursivePUBO With Preprocessing,25,18,1.0,64.0,872.0,15.283636569976807,1,3
RecursivePUBO With Preprocessing,25,25,0.2092940521523765,408.8095238095238,2909.8571428571427,136.52002708117166,7,21
RecursivePUBO With Preprocessing,25,32,0.9032738095238094,98.0,1948.0,33.0813672542572,1,3
RecursivePUBO With Preprocessing,25,49,0.2145748987854251,522.3333333333334,1945.0,73.87324730555217,1,3
RecursivePUBO With Preprocessing,25,50,0.015225825427279214,330.23809523809524,3666.095238095238,132.4376253741128,7,21
RecursivePUBO With Preprocessing,34,5,0.24461869618696186,428.3333333333333,2266.6666666666665,18.810841401418052,1,3
RecursivePUBO With Preprocessing,39,5,0.6795865633074936,391.0,2618.6666666666665,26.108749628067017,1,3
RecursivePUBO With Preprocessing,39,10,0.05345522648636633,1079.6666666666667,4457.666666666667,92.48433407147725,1,3
RecursivePUBO With Preprocessing,41,25,0.026684164479439998,1030.6666666666667,3970.0,118.28509426116943,1,3
RecursivePUBO With Preprocessing,44,5,0.686036036036036,425.0,3053.0,29.117806673049927,1,3
RecursivePUBO With Preprocessing,45,48,0.0773612642410878,2681.3333333333335,9184.666666666666,282.7501392364502,1,3
RecursivePUBO With Preprocessing,47,10,0.038524462449361134,1049.0,5184.0,118.10834407806396,1,3
RecursivePUBO With Preprocessing,48,5,0.9078786204973164,294.44444444444446,2711.777777777778,26.732564952638413,3,9
RecursivePUBO With Preprocessing,49,10,0.07695115718770527,1089.0,5693.0,126.35691038767497,1,3
RecursivePUBO With Preprocessing,50,5,0.9890472420163632,109.55555555555556,1162.3333333333333,20.307179795371162,3,9
RecursivePUBO With Preprocessing,50,9,1.0,44.0,542.0,26.463589986165363,1,3
RecursivePUBO With Preprocessing,50,10,0.32702518751316106,450.93333333333334,4301.933333333333,89.08710031509399,5,15
RecursivePUBO With Preprocessing,50,21,0.5737018425460637,119.0,2996.0,110.24169866243999,1,3
RecursivePUBO With Preprocessing,50,25,0.010403934941635546,683.7083333333334,6402.458333333333,298.03901066382724,8,24
RecursivePUBO With Preprocessing,50,41,0.03367776502104853,224.0,8836.0,307.24198110898334,1,3
RecursivePUBO With Preprocessing,50,50,0.00015251612017139185,509.4166666666667,8986.583333333334,637.5794763763746,8,24
RecursivePUBO With Preprocessing and Adaptive Qubits,2,2,1.0,2.0,1.0,0.11840319633483883,1,3
RecursivePUBO With Preprocessing and Adaptive Qubits,4,3,1.0,4.0,5.0,0.13947463035583493,1,3
RecursivePUBO With Preprocessing and Adaptive Qubits,4,4,1.0,4.5,7.0,0.14710668722788492,2,6
RecursivePUBO With Preprocessing and Adaptive Qubits,4,5,1.0,4.0,6.0,0.14140439033508298,1,3
RecursivePUBO With Preprocessing and Adaptive Qubits,4,6,1.0,4.0,6.0,0.14008951187133784,1,3
RecursivePUBO With Preprocessing and Adaptive Qubits,5,1,1.0,1.0,0.0,9.791056315103126e-05,1,3
RecursivePUBO With Preprocessing and Adaptive Qubits,5,2,1.0,1.0,0.0,9.314219156901042e-05,1,3
RecursivePUBO With Preprocessing and Adaptive Qubits,5,4,1.0,5.0,7.333333333333333,0.20763897895812986,3,9
RecursivePUBO With Preprocessing and Adaptive Qubits,5,5,1.0,6.25,13.5,0.21542437871297196,4,12
RecursivePUBO With Preprocessing and Adaptive Qubits,5,6,1.0,4.5,8.0,0.14718063672383622,2,6
RecursivePUBO With Preprocessing and Adaptive Qubits,5,7,1.0,13.5,40.5,0.7208453019460043,2,6
RecursivePUBO With Preprocessing and Adaptive Qubits,5,8,1.0,9.0,23.0,0.4345300594965617,2,6
RecursivePUBO With Preprocessing and Adaptive Qubits,5,9,1.0,11.0,28.0,0.6147477229436239,2,6
RecursivePUBO With Preprocessing and Adaptive Qubits,5,10,1.0,9.25,23.5,0.5162379741668701,4,12
RecursivePUBO With Preprocessing and Adaptive Qubits,5,12,1.0,8.5,18.0,0.5354147354761759,2,6
RecursivePUBO With Preprocessing and Adaptive Qubits,5,13,1.0,12.0,31.0,0.6902241706848145,1,3
RecursivePUBO With Preprocessing and Adaptive Qubits,5,14,1.0,6.5,13.0,0.2637242873509725,2,6
RecursivePUBO With Preprocessing and Adaptive Qubits,5,15,1.0,6.0,12.0,0.1643628279368082,1,3
RecursivePUBO With Preprocessing and Adaptive Qubits,5,16,1.0,5.0,10.0,0.15749351183573398,1,3
RecursivePUBO With Preprocessing and Adaptive Qubits,5,18,1.0,8.0,17.0,0.3716444174448649,1,3
RecursivePUBO With Preprocessing and Adaptive Qubits,5,19,1.0,5.0,10.0,0.15395832061767575,1,3
RecursivePUBO With Preprocessing and Adaptive Qubits,5,20,1.0,6.0,12.0,0.16658973693847648,1,3
RecursivePUBO With Preprocessing and Adaptive Qubits,5,22,1.0,5.0,10.0,0.15163866678873694,1,3
RecursivePUBO With Preprocessing and Adaptive Qubits,5,23,1.0,5.0,10.0,0.1494227250417073,1,3
RecursivePUBO With Preprocessing and Adaptive Qubits,5,24,1.0,5.0,10.0,0.1525660355885823,1,3
RecursivePUBO With Preprocessing and Adaptive Qubits,5,29,1.0,5.0,10.0,0.15290506680806473,1,3
RecursivePUBO With Preprocessing and Adaptive Qubits,6,5,1.0,7.0,17.0,0.18226424853006995,1,3
RecursivePUBO With Preprocessing and Adaptive Qubits,7,5,1.0,9.0,25.0,0.21061317125956214,1,3
RecursivePUBO With Preprocessing and Adaptive Qubits,8,5,1.0,11.5,38.5,0.36483367284138996,2,6
RecursivePUBO With Preprocessing and Adaptive Qubits,9,5,1.0,27.0,110.0,1.5221571922302246,1,3
RecursivePUBO With Preprocessing and Adaptive Qubits,9,10,1.0,20.0,71.0,0.6242318948109945,1,3
RecursivePUBO With Preprocessing and Adaptive Qubits,9,11,1.0,9.0,36.0,0.21428561210632321,1,3
RecursivePUBO With Preprocessing and Adaptive Qubits,10,3,1.0,5.0,9.0,0.1485345363616943,1,3
RecursivePUBO With Preprocessing and Adaptive Qubits,10,4,1.0,6.0,9.0,0.33179481824239093,1,3
RecursivePUBO With Preprocessing and Adaptive Qubits,10,5,1.0,17.4,75.6,0.8526623407999675,5,15
RecursivePUBO With Preprocessing and Adaptive Qubits,10,7,1.0,20.0,96.0,1.2231759230295818,1,3
RecursivePUBO With Preprocessing and Adaptive Qubits,10,9,1.0,28.5,125.0,1.3027079502741497,2,6
RecursivePUBO With Preprocessing and Adaptive Qubits,10,10,1.0,46.8,215.0,3.6977514266967773,5,15
RecursivePUBO With Preprocessing and Adaptive Qubits,10,16,1.0,31.0,237.0,3.0339040756225586,1,3
RecursivePUBO With Preprocessing and Adaptive Qubits,10,21,1.0,31.5,179.0,2.8991912206014,2,6
RecursivePUBO With Preprocessing and Adaptive Qubits,10,22,1.0,38.5,225.0,4.369786302248637,2,6
RecursivePUBO With Preprocessing and Adaptive Qubits,10,24,1.0,22.0,79.0,0.6553541024525961,1,3
RecursivePUBO With Preprocessing and Adaptive Qubits,10,25,1.0,60.0,255.75,6.061587889989217,4,12
RecursivePUBO With Preprocessing and Adaptive Qubits,10,29,1.0,48.0,309.0,6.546706438064575,1,3
RecursivePUBO With Preprocessing and Adaptive Qubits,10,36,1.0,10.0,45.0,0.2274982929229736,1,3
RecursivePUBO With Preprocessing and Adaptive Qubits,10,45,1.0,12.0,49.0,0.25758616129557294,1,3
RecursivePUBO With Preprocessing and Adaptive Qubits,10,46,1.0,63.0,231.0,5.444949905077617,2,6
RecursivePUBO With Preprocessing and Adaptive Qubits,10,47,1.0,127.0,615.0,13.74472181002299,1,3
RecursivePUBO With Preprocessing and Adaptive Qubits,10,48,1.0,118.5,548.5,12.405726909637451,2,6
RecursivePUBO With Preprocessing and Adaptive Qubits,12,9,1.0,33.0,124.0,1.428463617960612,1,3
RecursivePUBO With Preprocessing and Adaptive Qubits,15,5,1.0,48.0,240.0,12.368868192036947,1,3
RecursivePUBO With Preprocessing and Adaptive Qubits,16,5,1.0,59.0,338.0,2.889051675796509,1,3
RecursivePUBO With Preprocessing and Adaptive Qubits,20,10,0.8405017921146953,209.33333333333334,955.3333333333334,11.288696924845377,1,3
RecursivePUBO With Preprocessing and Adaptive Qubits,21,5,0.9694092827004219,171.0,912.0,3.9544624487559,1,3
RecursivePUBO With Preprocessing and Adaptive Qubits,21,10,1.0,665.0,2335.0,15.054319858551025,1,3
RecursivePUBO With Preprocessing and Adaptive Qubits,22,23,1.0,117.0,522.0,2.2511827945709233,1,3
RecursivePUBO With Preprocessing and Adaptive Qubits,23,10,0.7801587301587302,350.0,1720.3333333333333,32.435986598332725,1,3
RecursivePUBO With Preprocessing and Adaptive Qubits,24,5,0.9781420765027322,249.33333333333334,1286.6666666666667,7.189940373102824,1,3
RecursivePUBO With Preprocessing and Adaptive Qubits,24,10,0.4627638391079251,614.0,2465.3333333333335,42.205495516459145,1,3
RecursivePUBO With Preprocessing and Adaptive Qubits,24,25,0.6218487394957983,370.0,1407.0,33.700618823369346,1,3
RecursivePUBO With Preprocessing and Adaptive Qubits,24,37,1.0,78.0,443.0,1.882615089416504,1,3
RecursivePUBO With Preprocessing and Adaptive Qubits,25,5,0.9994026284348865,59.44444444444444,439.22222222222223,2.965668731265598,6,18
RecursivePUBO With Preprocessing and Adaptive Qubits,25,9,1.0,33.0,297.0,3.4584816296895347,1,3
RecursivePUBO With Preprocessing and Adaptive Qubits,25,10,0.8803996641578824,261.0,1716.6666666666667,27.288916699091594,5,15
RecursivePUBO With Preprocessing and Adaptive Qubits,25,18,1.0,64.0,872.0,12.818823417027792,1,3
RecursivePUBO With Preprocessing and Adaptive Qubits,25,25,0.379960561983708,472.0952380952381,3196.095238095238,147.72478507813952,7,21
RecursivePUBO With Preprocessing and Adaptive Qubits,25,32,1.0,83.0,1579.0,24.508413632710774,1,3
RecursivePUBO With Preprocessing and Adaptive Qubits,25,49,0.20377867746288794,499.0,1869.6666666666667,71.01789116859436,1,3
RecursivePUBO With Preprocessing and Adaptive Qubits,25,50,0.20201811075677614,488.5238095238095,4296.142857142857,167.0794765040988,7,21
RecursivePUBO With Preprocessing and Adaptive Qubits,34,5,0.25384378843788435,423.0,2238.3333333333335,18.433295885721844,1,3
RecursivePUBO With Preprocessing and Adaptive Qubits,39,5,0.6973873097904105,391.3333333333333,2556.6666666666665,24.785736242930096,1,3
RecursivePUBO With Preprocessing and Adaptive Qubits,39,10,0.05377265657238991,1070.0,4433.333333333333,91.99588139851888,1,3
RecursivePUBO With Preprocessing and Adaptive Qubits,41,25,0.026410761154855602,1024.0,3947.6666666666665,117.51886264483134,1,3
RecursivePUBO With Preprocessing and Adaptive Qubits,44,5,0.686036036036036,422.6666666666667,2911.3333333333335,27.40246828397115,1,3
RecursivePUBO With Preprocessing and Adaptive Qubits,45,48,0.07883131201764053,2713.6666666666665,9287.0,286.24772548675537,1,3
RecursivePUBO With Preprocessing and Adaptive Qubits,47,10,0.0391736781967383,1059.0,5226.0,116.5209367275238,1,3
RecursivePUBO With Preprocessing and Adaptive Qubits,48,5,0.9077276694442151,284.55555555555554,2440.0,24.73024015956455,3,9
RecursivePUBO With Preprocessing and Adaptive Qubits,49,10,0.08276751600107074,1129.3333333333333,5783.0,124.86284653345744,1,3
RecursivePUBO With Preprocessing and Adaptive Qubits,50,5,0.9920823436262867,102.44444444444444,983.1111111111111,18.96140734354655,3,9
RecursivePUBO With Preprocessing and Adaptive Qubits,50,9,1.0,37.0,426.0,25.358749866485596,1,3
RecursivePUBO With Preprocessing and Adaptive Qubits,50,10,0.476348601177195,513.1333333333333,4116.266666666666,85.26713148752849,5,15
RecursivePUBO With Preprocessing and Adaptive Qubits,50,21,0.9932998324958123,119.0,2996.0,98.61028496424358,1,3
RecursivePUBO With Preprocessing and Adaptive Qubits,50,25,0.10352105466163151,832.4583333333334,6598.5,317.9287456870079,8,24
RecursivePUBO With Preprocessing and Adaptive Qubits,50,41,0.884424033677765,194.0,7446.0,254.7230350971222,1,3
RecursivePUBO With Preprocessing and Adaptive Qubits,50,50,0.035846858438002886,779.125,9900.0,763.9198107520739,8,24
