problem_id,algorithm,universe_size,num_test_cases,activation_probability,topology,topology_size,embedding_success,mean_chain_length,max_chain_length,mean_num_physical_qubits,runtime_seconds,num_embedding_calls,mean_attempts_per_submission,physical_logical_qubit_ratio
M-10-N-10-pa-0.05-pe-1.00,BinSearch,5,6,0.05,zephyr,16,1.0,1.2,2.0,6.0,0.07580777574330563,1,10.0,1.2
M-10-N-10-pa-0.05-pe-1.00,LinearSearch,5,6,0.05,zephyr,16,1.0,1.2,2.0,6.0,0.30641945945098975,4,10.0,1.2
M-10-N-10-pa-0.05-pe-1.00,LinearSearch With Preprocessing,5,6,0.05,zephyr,16,1.0,1.2,2.0,6.0,0.07661735643632706,1,10.0,1.2
M-10-N-10-pa-0.05-pe-1.00,LinearSearch With Preprocessing and Reduced Qubits,5,6,0.05,zephyr,16,1.0,1.2,2.0,6.0,0.07756465289276089,1,10.0,1.2
M-10-N-10-pa-0.05-pe-1.00,LinearSearch With Reduced Qubits,5,6,0.05,zephyr,16,1.0,1.2,2.0,6.0,0.30730457359459235,4,10.0,1.2
M-10-N-10-pa-0.15-pe-1.00,BinSearch,10,9,0.15,zephyr,16,1.0,1.5266666666666668,2.0,22.9,0.36501077788416286,2,10.0,1.4666666666666666
M-10-N-10-pa-0.15-pe-1.00,LinearSearch,10,9,0.15,zephyr,16,1.0,1.5266666666666668,2.0,22.9,0.7463236232521011,4,10.0,1.4666666666666666
M-10-N-10-pa-0.15-pe-1.00,LinearSearch With Preprocessing,10,9,0.15,zephyr,16,1.0,1.5266666666666668,2.0,22.9,0.3655153312487527,2,10.0,1.4666666666666666
M-10-N-10-pa-0.15-pe-1.00,LinearSearch With Preprocessing and Reduced Qubits,10,9,0.15,zephyr,16,1.0,1.5266666666666668,2.0,22.9,0.37979526307899497,2,10.0,1.4666666666666666
M-10-N-10-pa-0.15-pe-1.00,LinearSearch With Reduced Qubits,10,9,0.15,zephyr,16,1.0,1.525357142857143,2.0,22.5,0.7506059389328582,4,10.0,1.4749999999999999
M-10-N-10-pa-0.25-pe-1.00,BinSearch,9,10,0.25,zephyr,16,1.0,1.4923076923076923,2.0,19.4,0.1886388529092073,1,10.0,1.4615384615384617
M-10-N-10-pa-0.25-pe-1.00,LinearSearch,9,10,0.25,zephyr,16,1.0,1.4923076923076923,2.0,19.4,0.6809594580437986,4,10.0,1.4615384615384617
M-10-N-10-pa-0.25-pe-1.00,LinearSearch With Preprocessing,9,10,0.25,zephyr,16,1.0,1.4923076923076923,2.0,19.4,0.17430504099465904,1,10.0,1.4615384615384617
M-10-N-10-pa-0.25-pe-1.00,LinearSearch With Preprocessing and Reduced Qubits,9,10,0.25,zephyr,16,1.0,1.4923076923076923,2.0,19.4,0.1864303394220769,1,10.0,1.4615384615384617
M-10-N-10-pa-0.25-pe-1.00,LinearSearch With Reduced Qubits,9,10,0.25,zephyr,16,1.0,1.4942307692307693,2.0,19.049999999999997,0.6765696633141486,4,10.0,1.450320512820513
M-10-N-10-pa-0.35-pe-1.00,BinSearch,10,10,0.35,zephyr,16,1.0,1.5842105263157895,2.5,30.1,0.28866359107196327,1,10.0,1.4736842105263157
M-10-N-10-pa-0.35-pe-1.00,LinearSearch,10,10,0.35,zephyr,16,1.0,1.5842105263157895,2.5,30.1,0.5837778754532337,2,10.0,1.4736842105263157
M-10-N-10-pa-0.35-pe-1.00,LinearSearch With Preprocessing,10,10,0.35,zephyr,16,1.0,1.5842105263157895,2.5,30.1,0.32989938950631764,1,10.0,1.4736842105263157
M-10-N-10-pa-0.35-pe-1.00,LinearSearch With Preprocessing and Reduced Qubits,10,10,0.35,zephyr,16,1.0,1.5842105263157895,2.5,30.1,0.28609324558638033,1,10.0,1.4736842105263157
M-10-N-10-pa-0.35-pe-1.00,LinearSearch With Reduced Qubits,10,10,0.35,zephyr,16,1.0,1.5654385964912283,2.3,26.65,0.4979599460028111,2,10.0,1.5035087719298246
M-10-N-10-pa-0.45-pe-1.00,BinSearch,10,10,0.45,zephyr,16,1.0,1.5791666666666666,2.5,32.65,0.6832408726681023,2,10.0,1.5061274509803924
M-10-N-10-pa-0.45-pe-1.00,LinearSearch,10,10,0.45,zephyr,16,1.0,1.7115384615384617,3.0,44.5,1.0727013227064162,2,10.0,1.5384615384615383
M-10-N-10-pa-0.45-pe-1.00,LinearSearch With Preprocessing,10,10,0.45,zephyr,16,1.0,1.7115384615384617,3.0,44.5,0.9752672427799552,2,10.0,1.5384615384615383
M-10-N-10-pa-0.45-pe-1.00,LinearSearch With Preprocessing and Reduced Qubits,10,10,0.45,zephyr,16,1.0,1.5791666666666666,2.5,32.65,0.6787791435141116,2,10.0,1.5061274509803924
M-10-N-10-pa-0.45-pe-1.00,LinearSearch With Reduced Qubits,10,10,0.45,zephyr,16,1.0,1.5791666666666666,2.5,32.65,0.6809341964544728,2,10.0,1.5061274509803924
M-10-N-10-pa-0.55-pe-1.00,BinSearch,10,10,0.55,zephyr,16,1.0,1.7124756335282652,2.9000000000000004,39.900000000000006,0.8463692996883765,2,10.0,1.6072124756335282
M-10-N-10-pa-0.55-pe-1.00,LinearSearch,10,10,0.55,zephyr,16,1.0,2.003030303030303,3.6,66.1,2.5340182445477692,2,10.0,1.8484848484848484
M-10-N-10-pa-0.55-pe-1.00,LinearSearch With Preprocessing,10,10,0.55,zephyr,16,1.0,2.003030303030303,3.6,66.1,2.4027385863475503,2,10.0,1.8484848484848484
M-10-N-10-pa-0.55-pe-1.00,LinearSearch With Preprocessing and Reduced Qubits,10,10,0.55,zephyr,16,1.0,1.7124756335282652,2.9000000000000004,39.900000000000006,0.8673345079645515,2,10.0,1.6072124756335282
M-10-N-10-pa-0.55-pe-1.00,LinearSearch With Reduced Qubits,10,10,0.55,zephyr,16,1.0,1.7124756335282652,2.9000000000000004,39.900000000000006,0.8416082697222009,2,10.0,1.6072124756335282
M-10-N-10-pa-0.65-pe-1.00,BinSearch,10,10,0.65,zephyr,16,1.0,1.6529411764705881,2.5,28.1,0.3112189525039866,1,10.0,1.5294117647058822
M-10-N-10-pa-0.65-pe-1.00,LinearSearch,10,10,0.65,zephyr,16,1.0,1.9678571428571427,3.1,55.1,0.800825044582598,1,10.0,1.8571428571428568
M-10-N-10-pa-0.65-pe-1.00,LinearSearch With Preprocessing,10,10,0.65,zephyr,16,1.0,1.9678571428571427,3.1,55.1,0.762559635262005,1,10.0,1.8571428571428568
M-10-N-10-pa-0.65-pe-1.00,LinearSearch With Preprocessing and Reduced Qubits,10,10,0.65,zephyr,16,1.0,1.6529411764705881,2.5,28.1,0.28964738487266006,1,10.0,1.5294117647058822
M-10-N-10-pa-0.65-pe-1.00,LinearSearch With Reduced Qubits,10,10,0.65,zephyr,16,1.0,1.6529411764705881,2.5,28.1,0.3110667440341785,1,10.0,1.5294117647058822
M-10-N-10-pa-0.75-pe-1.00,BinSearch,10,10,0.75,zephyr,16,1.0,1.7588235294117645,2.8,29.9,0.3167644917266443,1,10.0,1.7058823529411764
M-10-N-10-pa-0.75-pe-1.00,LinearSearch,10,10,0.75,zephyr,16,1.0,2.2838709677419358,3.9,70.8,1.1808675409527496,1,10.0,2.161290322580645
M-10-N-10-pa-0.75-pe-1.00,LinearSearch With Preprocessing,10,10,0.75,zephyr,16,1.0,2.2838709677419358,3.9,70.8,1.1649729162920266,1,10.0,2.161290322580645
M-10-N-10-pa-0.75-pe-1.00,LinearSearch With Preprocessing and Reduced Qubits,10,10,0.75,zephyr,16,1.0,1.7588235294117645,2.8,29.9,0.3545846291119233,1,10.0,1.7058823529411764
M-10-N-10-pa-0.75-pe-1.00,LinearSearch With Reduced Qubits,10,10,0.75,zephyr,16,1.0,1.7588235294117645,2.8,29.9,0.37050614464096726,1,10.0,1.7058823529411764
M-10-N-25-pa-0.05-pe-1.00,BinSearch,9,11,0.05,zephyr,16,1.0,1.6333333333333335,2.0,14.7,0.15129824858158822,1,10.0,1.5555555555555556
M-10-N-25-pa-0.05-pe-1.00,LinearSearch,9,11,0.05,zephyr,16,1.0,1.6333333333333335,2.0,14.7,1.1097980755148453,8,10.0,1.5555555555555556
M-10-N-25-pa-0.05-pe-1.00,LinearSearch With Preprocessing,9,11,0.05,zephyr,16,1.0,1.6333333333333335,2.0,14.7,0.1442267437698319,1,10.0,1.5555555555555556
M-10-N-25-pa-0.05-pe-1.00,LinearSearch With Preprocessing and Reduced Qubits,9,11,0.05,zephyr,16,1.0,1.6333333333333335,2.0,14.7,0.14046333681326356,1,10.0,1.5555555555555556
M-10-N-25-pa-0.05-pe-1.00,LinearSearch With Reduced Qubits,9,11,0.05,zephyr,16,1.0,1.6333333333333335,2.0,14.7,1.128153521288186,8,10.0,1.5555555555555556
M-10-N-25-pa-0.15-pe-1.00,BinSearch,10,21,0.15,zephyr,16,1.0,1.5692307692307692,2.0,20.4,0.17124411456752567,1,10.0,1.5384615384615383
M-10-N-25-pa-0.15-pe-1.00,LinearSearch,10,21,0.15,zephyr,16,1.0,1.5692307692307692,2.0,20.4,1.041844596713781,6,10.0,1.5384615384615383
M-10-N-25-pa-0.15-pe-1.00,LinearSearch With Preprocessing,10,21,0.15,zephyr,16,1.0,1.5692307692307692,2.0,20.4,0.17506757220253344,1,10.0,1.5384615384615383
M-10-N-25-pa-0.15-pe-1.00,LinearSearch With Preprocessing and Reduced Qubits,10,21,0.15,zephyr,16,1.0,1.5692307692307692,2.0,20.4,0.1690812338143587,1,10.0,1.5384615384615383
M-10-N-25-pa-0.15-pe-1.00,LinearSearch With Reduced Qubits,10,21,0.15,zephyr,16,1.0,1.5692307692307692,2.0,20.4,1.028689055563882,6,10.0,1.5384615384615383
M-10-N-25-pa-0.25-pe-1.00,BinSearch,10,24,0.25,zephyr,16,1.0,1.546153846153846,2.0,20.1,0.17198769103270023,1,10.0,1.5384615384615383
M-10-N-25-pa-0.25-pe-1.00,LinearSearch,10,24,0.25,zephyr,16,1.0,1.546153846153846,2.0,20.1,0.8917559497058389,5,10.0,1.5384615384615383
M-10-N-25-pa-0.25-pe-1.00,LinearSearch With Preprocessing,10,24,0.25,zephyr,16,1.0,1.546153846153846,2.0,20.1,0.17084440479520704,1,10.0,1.5384615384615383
M-10-N-25-pa-0.25-pe-1.00,LinearSearch With Preprocessing and Reduced Qubits,10,24,0.25,zephyr,16,1.0,1.546153846153846,2.0,20.1,0.1659133364912122,1,10.0,1.5384615384615383
M-10-N-25-pa-0.25-pe-1.00,LinearSearch With Reduced Qubits,10,24,0.25,zephyr,16,1.0,1.546153846153846,2.0,20.1,0.8678173453081397,5,10.0,1.5384615384615383
M-10-N-25-pa-0.35-pe-1.00,BinSearch,10,25,0.35,zephyr,16,1.0,1.625,2.0,19.5,0.18555402548518027,1,10.0,1.5
M-10-N-25-pa-0.35-pe-1.00,LinearSearch,10,25,0.35,zephyr,16,1.0,1.625,2.0,19.5,0.8622516279574481,5,10.0,1.5
M-10-N-25-pa-0.35-pe-1.00,LinearSearch With Preprocessing,10,25,0.35,zephyr,16,1.0,1.625,2.0,19.5,0.17022602153010663,1,10.0,1.5
M-10-N-25-pa-0.35-pe-1.00,LinearSearch With Preprocessing and Reduced Qubits,10,25,0.35,zephyr,16,1.0,1.625,2.0,19.5,0.19844594171736388,1,10.0,1.5
M-10-N-25-pa-0.35-pe-1.00,LinearSearch With Reduced Qubits,10,25,0.35,zephyr,16,1.0,1.6327272727272728,2.0,19.259999999999998,0.8624060627305878,5,10.0,1.5272727272727273
M-10-N-25-pa-0.45-pe-1.00,BinSearch,10,25,0.45,zephyr,16,1.0,1.5785714285714287,3.0,44.2,1.0446446476271376,2,10.0,1.5357142857142858
M-10-N-25-pa-0.45-pe-1.00,LinearSearch,10,25,0.45,zephyr,16,1.0,1.683333333333333,3.0,50.5,1.6381541194394231,3,10.0,1.566666666666667
M-10-N-25-pa-0.45-pe-1.00,LinearSearch With Preprocessing,10,25,0.45,zephyr,16,1.0,1.6833333333333331,3.0,50.5,1.1712048093555496,2,10.0,1.5666666666666669
M-10-N-25-pa-0.45-pe-1.00,LinearSearch With Preprocessing and Reduced Qubits,10,25,0.45,zephyr,16,1.0,1.5785714285714287,3.0,44.2,0.9396695481147617,2,10.0,1.5357142857142858
M-10-N-25-pa-0.45-pe-1.00,LinearSearch With Reduced Qubits,10,25,0.45,zephyr,16,1.0,1.5365079365079366,2.766666666666667,39.63333333333333,1.2422580600716173,3,10.0,1.4841269841269842
M-10-N-25-pa-0.55-pe-1.00,BinSearch,10,25,0.55,zephyr,16,1.0,1.7378787878787878,3.2,48.55,1.3561352286254986,2,10.0,1.5984848484848486
M-10-N-25-pa-0.55-pe-1.00,LinearSearch,10,25,0.55,zephyr,16,1.0,2.1350000000000002,4.4,85.4,3.2639760641381144,2,10.0,2.0
M-10-N-25-pa-0.55-pe-1.00,LinearSearch With Preprocessing,10,25,0.55,zephyr,16,1.0,2.1350000000000002,4.4,85.4,3.4145097497617827,2,10.0,2.0
M-10-N-25-pa-0.55-pe-1.00,LinearSearch With Preprocessing and Reduced Qubits,10,25,0.55,zephyr,16,1.0,1.7378787878787878,3.2,48.55,1.4628721107495948,2,10.0,1.5984848484848486
M-10-N-25-pa-0.55-pe-1.00,LinearSearch With Reduced Qubits,10,25,0.55,zephyr,16,1.0,1.7378787878787878,3.2,48.55,1.3604879274731503,2,10.0,1.5984848484848486
M-10-N-25-pa-0.65-pe-1.00,BinSearch,10,25,0.65,zephyr,16,1.0,1.685,3.0,33.7,0.37999482529703527,1,10.0,1.55
M-10-N-25-pa-0.65-pe-1.00,LinearSearch,10,25,0.65,zephyr,16,1.0,2.2974358974358973,4.5,89.6,1.918266610777937,1,10.0,2.051282051282051
M-10-N-25-pa-0.65-pe-1.00,LinearSearch With Preprocessing,10,25,0.65,zephyr,16,1.0,2.2974358974358973,4.5,89.6,1.9141037737252191,1,10.0,2.051282051282051
M-10-N-25-pa-0.65-pe-1.00,LinearSearch With Preprocessing and Reduced Qubits,10,25,0.65,zephyr,16,1.0,1.685,3.0,33.7,0.408691418543458,1,10.0,1.55
M-10-N-25-pa-0.65-pe-1.00,LinearSearch With Reduced Qubits,10,25,0.65,zephyr,16,1.0,1.685,3.0,33.7,0.3884622353129089,1,10.0,1.55
M-10-N-25-pa-0.75-pe-1.00,BinSearch,10,22,0.75,zephyr,16,1.0,1.7913043478260868,3.0,41.2,0.6068494944134727,1,10.0,1.7391304347826086
M-10-N-25-pa-0.75-pe-1.00,LinearSearch,10,22,0.75,zephyr,16,1.0,2.6551020408163266,6.1,130.1,4.1104073897236955,1,10.0,2.4693877551020407
M-10-N-25-pa-0.75-pe-1.00,LinearSearch With Preprocessing,10,22,0.75,zephyr,16,1.0,2.6551020408163266,6.1,130.1,4.12009530751966,1,10.0,2.4693877551020407
M-10-N-25-pa-0.75-pe-1.00,LinearSearch With Preprocessing and Reduced Qubits,10,22,0.75,zephyr,16,1.0,1.7913043478260868,3.0,41.2,0.6298400723841041,1,10.0,1.7391304347826086
M-10-N-25-pa-0.75-pe-1.00,LinearSearch With Reduced Qubits,10,22,0.75,zephyr,16,1.0,1.7913043478260868,3.0,41.2,0.5853850676678121,1,10.0,1.7391304347826086
M-10-N-25-pa-0.85-pe-1.00,BinSearch,10,21,0.85,zephyr,16,1.0,1.7736842105263158,3.0,33.7,0.47985410795081407,1,10.0,1.736842105263158
M-10-N-25-pa-0.85-pe-1.00,LinearSearch,10,21,0.85,zephyr,16,1.0,2.424324324324324,4.3,89.7,2.01426220536232,1,10.0,2.216216216216216
M-10-N-25-pa-0.85-pe-1.00,LinearSearch With Preprocessing,10,21,0.85,zephyr,16,1.0,2.424324324324324,4.3,89.7,2.031143426406197,1,10.0,2.216216216216216
M-10-N-25-pa-0.85-pe-1.00,LinearSearch With Preprocessing and Reduced Qubits,10,21,0.85,zephyr,16,1.0,1.7736842105263158,3.0,33.7,0.5452662870055065,1,10.0,1.736842105263158
M-10-N-25-pa-0.85-pe-1.00,LinearSearch With Reduced Qubits,10,21,0.85,zephyr,16,1.0,1.7736842105263158,3.0,33.7,0.546851290925406,1,10.0,1.736842105263158
M-10-N-5-pa-0.05-pe-1.00,BinSearch,6,5,0.05,zephyr,16,1.0,1.3,2.0,9.1,0.09071423301938915,1,10.0,1.2857142857142858
M-10-N-5-pa-0.05-pe-1.00,LinearSearch,6,5,0.05,zephyr,16,1.0,1.3,2.0,9.1,0.2769877572078257,3,10.0,1.2857142857142858
M-10-N-5-pa-0.05-pe-1.00,LinearSearch With Preprocessing,6,5,0.05,zephyr,16,1.0,1.3,2.0,9.1,0.09287475538440045,1,10.0,1.2857142857142858
M-10-N-5-pa-0.05-pe-1.00,LinearSearch With Preprocessing and Reduced Qubits,6,5,0.05,zephyr,16,1.0,1.3,2.0,9.1,0.08832560412120069,1,10.0,1.2857142857142858
M-10-N-5-pa-0.05-pe-1.00,LinearSearch With Reduced Qubits,6,5,0.05,zephyr,16,1.0,1.3,2.0,9.1,0.2681304788216947,3,10.0,1.2857142857142858
M-10-N-5-pa-0.15-pe-1.00,BinSearch,8,5,0.15,zephyr,16,1.0,1.4181818181818182,2.0,15.6,0.1381702739745378,1,10.0,1.3636363636363635
M-10-N-5-pa-0.15-pe-1.00,LinearSearch,8,5,0.15,zephyr,16,1.0,1.4181818181818182,2.0,15.6,0.2710082840872928,2,10.0,1.3636363636363635
M-10-N-5-pa-0.15-pe-1.00,LinearSearch With Preprocessing,8,5,0.15,zephyr,16,1.0,1.4181818181818182,2.0,15.6,0.13707142062485214,1,10.0,1.3636363636363635
M-10-N-5-pa-0.15-pe-1.00,LinearSearch With Preprocessing and Reduced Qubits,8,5,0.15,zephyr,16,1.0,1.4181818181818182,2.0,15.6,0.13726361200679088,1,10.0,1.3636363636363635
M-10-N-5-pa-0.15-pe-1.00,LinearSearch With Reduced Qubits,8,5,0.15,zephyr,16,1.0,1.434090909090909,2.0,15.05,0.26033886785153293,2,10.0,1.3818181818181818
M-10-N-5-pa-0.25-pe-1.00,BinSearch,7,5,0.25,zephyr,16,1.0,1.3444444444444443,2.0,12.1,0.11011994984000917,1,10.0,1.3333333333333333
M-10-N-5-pa-0.25-pe-1.00,LinearSearch,7,5,0.25,zephyr,16,1.0,1.3444444444444443,2.0,12.1,0.4266010490944607,4,10.0,1.3333333333333333
M-10-N-5-pa-0.25-pe-1.00,LinearSearch With Preprocessing,7,5,0.25,zephyr,16,1.0,1.3444444444444443,2.0,12.1,0.10792690324597057,1,10.0,1.3333333333333333
M-10-N-5-pa-0.25-pe-1.00,LinearSearch With Preprocessing and Reduced Qubits,7,5,0.25,zephyr,16,1.0,1.3444444444444443,2.0,12.1,0.10551868265029041,1,10.0,1.3333333333333333
M-10-N-5-pa-0.25-pe-1.00,LinearSearch With Reduced Qubits,7,5,0.25,zephyr,16,1.0,1.3444444444444443,2.0,12.1,0.42166306979488566,4,10.0,1.3333333333333333
M-10-N-5-pa-0.45-pe-1.00,BinSearch,9,5,0.45,zephyr,16,1.0,1.5071428571428571,2.0,21.1,0.19559553535655136,1,10.0,1.5
M-10-N-5-pa-0.45-pe-1.00,LinearSearch,9,5,0.45,zephyr,16,1.0,1.655,2.8,33.1,0.29220813722349703,1,10.0,1.6
M-10-N-5-pa-0.45-pe-1.00,LinearSearch With Preprocessing,9,5,0.45,zephyr,16,1.0,1.655,2.8,33.1,0.30813350470270956,1,10.0,1.6
M-10-N-5-pa-0.45-pe-1.00,LinearSearch With Preprocessing and Reduced Qubits,9,5,0.45,zephyr,16,1.0,1.5071428571428571,2.0,21.1,0.18425614461302756,1,10.0,1.5
M-10-N-5-pa-0.45-pe-1.00,LinearSearch With Reduced Qubits,9,5,0.45,zephyr,16,1.0,1.5071428571428571,2.0,21.1,0.1790430781431496,1,10.0,1.5
M-10-N-5-pa-0.55-pe-1.00,BinSearch,10,5,0.55,zephyr,16,1.0,1.592857142857143,2.0,22.3,0.22461542671080675,1,10.0,1.5714285714285714
M-10-N-5-pa-0.55-pe-1.00,LinearSearch,10,5,0.55,zephyr,16,1.0,1.8,3.0,36.0,0.37497734993230547,1,10.0,1.7
M-10-N-5-pa-0.55-pe-1.00,LinearSearch With Preprocessing,10,5,0.55,zephyr,16,1.0,1.8,3.0,36.0,0.4203017279971391,1,10.0,1.7
M-10-N-5-pa-0.55-pe-1.00,LinearSearch With Preprocessing and Reduced Qubits,10,5,0.55,zephyr,16,1.0,1.592857142857143,2.0,22.3,0.21592291237320746,1,10.0,1.5714285714285714
M-10-N-5-pa-0.55-pe-1.00,LinearSearch With Reduced Qubits,10,5,0.55,zephyr,16,1.0,1.592857142857143,2.0,22.3,0.2076056186109781,1,10.0,1.5714285714285714
M-10-N-50-pa-0.05-pe-1.00,BinSearch,10,22,0.05,zephyr,16,1.0,1.72,2.0,17.2,0.15869639406446365,1,10.0,1.7
M-10-N-50-pa-0.05-pe-1.00,LinearSearch,10,22,0.05,zephyr,16,1.0,1.72,2.0,17.2,1.4205823880853128,9,10.0,1.7
M-10-N-50-pa-0.05-pe-1.00,LinearSearch With Preprocessing,10,22,0.05,zephyr,16,1.0,1.72,2.0,17.2,0.15704978997819125,1,10.0,1.7
M-10-N-50-pa-0.05-pe-1.00,LinearSearch With Preprocessing and Reduced Qubits,10,22,0.05,zephyr,16,1.0,1.72,2.0,17.2,0.15328722577542062,1,10.0,1.7
M-10-N-50-pa-0.05-pe-1.00,LinearSearch With Reduced Qubits,10,22,0.05,zephyr,16,1.0,1.72,2.0,17.2,1.3976679383311417,9,10.0,1.7
M-10-N-50-pa-0.15-pe-1.00,BinSearch,10,36,0.15,zephyr,16,1.0,1.72,2.0,17.2,0.18412113031372426,1,10.0,1.7
M-10-N-50-pa-0.15-pe-1.00,LinearSearch,10,36,0.15,zephyr,16,1.0,1.72,2.0,17.2,1.2924658462172371,8,10.0,1.7
M-10-N-50-pa-0.15-pe-1.00,LinearSearch With Preprocessing,10,36,0.15,zephyr,16,1.0,1.72,2.0,17.2,0.17254346569534387,1,10.0,1.7
M-10-N-50-pa-0.15-pe-1.00,LinearSearch With Preprocessing and Reduced Qubits,10,36,0.15,zephyr,16,1.0,1.72,2.0,17.2,0.16488693943247196,1,10.0,1.7
M-10-N-50-pa-0.15-pe-1.00,LinearSearch With Reduced Qubits,10,36,0.15,zephyr,16,1.0,1.72,2.0,17.2,1.251604593871161,8,10.0,1.7
M-10-N-50-pa-0.25-pe-1.00,BinSearch,10,45,0.25,zephyr,16,1.0,1.6333333333333333,2.0,19.6,0.16137775497045365,1,10.0,1.5833333333333333
M-10-N-50-pa-0.25-pe-1.00,LinearSearch,10,45,0.25,zephyr,16,1.0,1.6333333333333333,2.0,19.6,1.2072630514623595,7,10.0,1.5833333333333333
M-10-N-50-pa-0.25-pe-1.00,LinearSearch With Preprocessing,10,45,0.25,zephyr,16,1.0,1.6333333333333333,2.0,19.6,0.15872136780526486,1,10.0,1.5833333333333333
M-10-N-50-pa-0.25-pe-1.00,LinearSearch With Preprocessing and Reduced Qubits,10,45,0.25,zephyr,16,1.0,1.6333333333333333,2.0,19.6,0.17440455916803327,1,10.0,1.5833333333333333
M-10-N-50-pa-0.25-pe-1.00,LinearSearch With Reduced Qubits,10,45,0.25,zephyr,16,1.0,1.6333333333333333,2.0,19.6,1.1542424435261636,7,10.0,1.5833333333333333
M-10-N-50-pa-0.35-pe-1.00,BinSearch,10,46,0.35,zephyr,16,1.0,1.3863636363636362,2.1,30.5,0.43578976830467575,2,10.0,1.3636363636363635
M-10-N-50-pa-0.35-pe-1.00,LinearSearch,10,46,0.35,zephyr,16,1.0,1.3863636363636362,2.1,30.5,1.1433632881380615,5,10.0,1.3636363636363635
M-10-N-50-pa-0.35-pe-1.00,LinearSearch With Preprocessing,10,46,0.35,zephyr,16,1.0,1.3863636363636362,2.1,30.5,0.45090052823070426,2,10.0,1.3636363636363635
M-10-N-50-pa-0.35-pe-1.00,LinearSearch With Preprocessing and Reduced Qubits,10,46,0.35,zephyr,16,1.0,1.3863636363636362,2.1,30.5,0.42983027095906423,2,10.0,1.3636363636363635
M-10-N-50-pa-0.35-pe-1.00,LinearSearch With Reduced Qubits,10,46,0.35,zephyr,16,1.0,1.3852813852813852,2.08,30.2,1.0509501877240834,5,10.0,1.3575757575757574
M-10-N-50-pa-0.45-pe-1.00,BinSearch,10,46,0.45,zephyr,16,1.0,1.8625,4.0,74.5,1.9869180419947952,2,10.0,1.75
M-10-N-50-pa-0.45-pe-1.00,LinearSearch,10,46,0.45,zephyr,16,1.0,1.876190476190476,4.1,78.8,4.237251412146724,3,10.0,1.6190476190476193
M-10-N-50-pa-0.45-pe-1.00,LinearSearch With Preprocessing,10,46,0.45,zephyr,16,1.0,1.8761904761904762,4.1,78.8,2.839957284089178,2,10.0,1.619047619047619
M-10-N-50-pa-0.45-pe-1.00,LinearSearch With Preprocessing and Reduced Qubits,10,46,0.45,zephyr,16,1.0,1.8625,4.0,74.5,1.910989825287834,2,10.0,1.75
M-10-N-50-pa-0.45-pe-1.00,LinearSearch With Reduced Qubits,10,46,0.45,zephyr,16,1.0,1.7416666666666665,3.6333333333333333,63.166666666666664,2.4985037872567775,3,10.0,1.6358024691358024
M-10-N-50-pa-0.55-pe-1.00,BinSearch,10,48,0.55,zephyr,16,1.0,2.225,6.2,142.4,15.997120585362428,2,10.0,2.09375
M-10-N-50-pa-0.55-pe-1.00,LinearSearch,10,48,0.55,zephyr,16,1.0,2.5548780487804876,8.6,209.5,51.02363623131532,3,10.0,2.3902439024390243
M-10-N-50-pa-0.55-pe-1.00,LinearSearch With Preprocessing,10,48,0.55,zephyr,16,1.0,2.5548780487804876,8.6,209.5,49.23405961205717,3,10.0,2.3902439024390243
M-10-N-50-pa-0.55-pe-1.00,LinearSearch With Preprocessing and Reduced Qubits,10,48,0.55,zephyr,16,1.0,2.0626126126126128,5.433333333333334,116.36666666666667,17.3549176835455,3,10.0,1.9363738738738736
M-10-N-50-pa-0.55-pe-1.00,LinearSearch With Reduced Qubits,10,48,0.55,zephyr,16,1.0,2.0626126126126128,5.433333333333334,116.36666666666667,17.691931377374566,3,10.0,1.9363738738738736
M-10-N-50-pa-0.65-pe-1.00,BinSearch,10,47,0.65,zephyr,16,1.0,1.9816666666666665,4.3,81.75,3.9671773136127744,2,10.0,1.8566666666666667
M-10-N-50-pa-0.65-pe-1.00,LinearSearch,10,47,0.65,zephyr,16,1.0,2.559375,6.9,163.8,18.74751181320753,2,10.0,2.328125
M-10-N-50-pa-0.65-pe-1.00,LinearSearch With Preprocessing,10,47,0.65,zephyr,16,1.0,2.559375,6.9,163.8,18.858451973670164,2,10.0,2.328125
M-10-N-50-pa-0.65-pe-1.00,LinearSearch With Preprocessing and Reduced Qubits,10,47,0.65,zephyr,16,1.0,1.9816666666666665,4.3,81.75,4.098912017513067,2,10.0,1.8566666666666667
M-10-N-50-pa-0.65-pe-1.00,LinearSearch With Reduced Qubits,10,47,0.65,zephyr,16,1.0,1.9816666666666665,4.3,81.75,4.269439688068815,2,10.0,1.8566666666666667
M-10-N-50-pa-0.75-pe-1.00,BinSearch,10,48,0.75,zephyr,16,1.0,1.8305683563748079,3.15,48.2,1.3374151347205043,2,10.0,1.705069124423963
M-10-N-50-pa-0.75-pe-1.00,LinearSearch,10,48,0.75,zephyr,16,1.0,2.258974358974359,4.3,88.1,4.312810193398036,2,10.0,2.102564102564102
M-10-N-50-pa-0.75-pe-1.00,LinearSearch With Preprocessing,10,48,0.75,zephyr,16,1.0,2.258974358974359,4.3,88.1,4.094237049878575,2,10.0,2.102564102564102
M-10-N-50-pa-0.75-pe-1.00,LinearSearch With Preprocessing and Reduced Qubits,10,48,0.75,zephyr,16,1.0,1.8305683563748079,3.15,48.2,1.4433104022638872,2,10.0,1.705069124423963
M-10-N-50-pa-0.75-pe-1.00,LinearSearch With Reduced Qubits,10,48,0.75,zephyr,16,1.0,1.8305683563748079,3.15,48.2,1.4028019408229737,2,10.0,1.705069124423963
M-10-N-50-pa-0.85-pe-1.00,BinSearch,10,29,0.85,zephyr,16,1.0,1.8050000000000002,3.0,36.1,0.46224152722861617,1,10.0,1.65
M-10-N-50-pa-0.85-pe-1.00,LinearSearch,10,29,0.85,zephyr,16,1.0,2.5575,4.7,102.3,2.45148153079208,1,10.0,2.375
M-10-N-50-pa-0.85-pe-1.00,LinearSearch With Preprocessing,10,29,0.85,zephyr,16,1.0,2.5575,4.7,102.3,2.2197894785553216,1,10.0,2.375
M-10-N-50-pa-0.85-pe-1.00,LinearSearch With Preprocessing and Reduced Qubits,10,29,0.85,zephyr,16,1.0,1.8050000000000002,3.0,36.1,0.5160655986983329,1,10.0,1.65
M-10-N-50-pa-0.85-pe-1.00,LinearSearch With Reduced Qubits,10,29,0.85,zephyr,16,1.0,1.8050000000000002,3.0,36.1,0.5139779971679672,1,10.0,1.65
M-10-N-50-pa-0.95-pe-1.00,BinSearch,10,16,0.95,zephyr,16,1.0,1.764705882352941,2.8,30.0,0.32213939561042937,1,10.0,1.7058823529411764
M-10-N-50-pa-0.95-pe-1.00,LinearSearch,10,16,0.95,zephyr,16,1.0,2.4303030303030306,4.1,80.2,2.1743679551873356,1,10.0,2.272727272727273
M-10-N-50-pa-0.95-pe-1.00,LinearSearch With Preprocessing,10,16,0.95,zephyr,16,1.0,2.4303030303030306,4.1,80.2,2.150460163759999,1,10.0,2.272727272727273
M-10-N-50-pa-0.95-pe-1.00,LinearSearch With Preprocessing and Reduced Qubits,10,16,0.95,zephyr,16,1.0,1.764705882352941,2.8,30.0,0.3053346230648458,1,10.0,1.7058823529411764
M-10-N-50-pa-0.95-pe-1.00,LinearSearch With Reduced Qubits,10,16,0.95,zephyr,16,1.0,1.764705882352941,2.8,30.0,0.3247588598402217,1,10.0,1.7058823529411764
M-25-N-10-pa-0.05-pe-1.00,BinSearch,12,9,0.05,zephyr,16,1.0,1.588235294117647,2.0,27.0,0.2373804928734898,1,10.0,1.588235294117647
M-25-N-10-pa-0.05-pe-1.00,LinearSearch,12,9,0.05,zephyr,16,1.0,1.588235294117647,2.0,27.0,1.1856743841897694,5,10.0,1.588235294117647
M-25-N-10-pa-0.05-pe-1.00,LinearSearch With Preprocessing,12,9,0.05,zephyr,16,1.0,1.588235294117647,2.0,27.0,0.23188447619322683,1,10.0,1.588235294117647
M-25-N-10-pa-0.05-pe-1.00,LinearSearch With Preprocessing and Reduced Qubits,12,9,0.05,zephyr,16,1.0,1.588235294117647,2.0,27.0,0.23430828454438593,1,10.0,1.588235294117647
M-25-N-10-pa-0.05-pe-1.00,LinearSearch With Reduced Qubits,12,9,0.05,zephyr,16,1.0,1.588235294117647,2.0,27.0,1.171902038156986,5,10.0,1.588235294117647
M-25-N-10-pa-0.15-pe-1.00,BinSearch,20,10,0.15,zephyr,16,1.0,2.3558823529411765,3.8,80.1,1.5370661344146357,1,10.0,2.2058823529411766
M-25-N-10-pa-0.15-pe-1.00,LinearSearch,20,10,0.15,zephyr,16,1.0,2.4421052631578943,4.3,92.8,4.635534952906892,3,10.0,2.236842105263158
M-25-N-10-pa-0.15-pe-1.00,LinearSearch With Preprocessing,20,10,0.15,zephyr,16,1.0,2.4421052631578943,4.3,92.8,1.5465649825055152,1,10.0,2.236842105263158
M-25-N-10-pa-0.15-pe-1.00,LinearSearch With Preprocessing and Reduced Qubits,20,10,0.15,zephyr,16,1.0,2.3558823529411765,3.8,80.1,1.575726177659817,1,10.0,2.2058823529411766
M-25-N-10-pa-0.15-pe-1.00,LinearSearch With Reduced Qubits,20,10,0.15,zephyr,16,1.0,2.319397759103641,3.5666666666666664,74.36666666666666,4.289856972591951,3,10.0,2.1848739495798317
M-25-N-10-pa-0.25-pe-1.00,BinSearch,24,10,0.25,zephyr,16,1.0,2.856818181818182,4.6,125.7,3.993763033300638,1,10.0,2.613636363636364
M-25-N-10-pa-0.25-pe-1.00,LinearSearch,24,10,0.25,zephyr,16,1.0,3.0923076923076924,5.2,160.8,9.271733556548135,2,10.0,2.9423076923076925
M-25-N-10-pa-0.25-pe-1.00,LinearSearch With Preprocessing,24,10,0.25,zephyr,16,1.0,3.0923076923076924,5.2,160.8,5.054508082265966,1,10.0,2.9423076923076925
M-25-N-10-pa-0.25-pe-1.00,LinearSearch With Preprocessing and Reduced Qubits,24,10,0.25,zephyr,16,1.0,2.856818181818182,4.6,125.7,3.7506203177617863,1,10.0,2.613636363636364
M-25-N-10-pa-0.25-pe-1.00,LinearSearch With Reduced Qubits,24,10,0.25,zephyr,16,1.0,2.7725267379679144,4.25,108.55000000000001,6.02690194521565,2,10.0,2.542112299465241
M-25-N-10-pa-0.35-pe-1.00,BinSearch,23,10,0.35,zephyr,16,1.0,2.875757575757576,4.0,94.9,2.7399271782953294,1,10.0,2.757575757575758
M-25-N-10-pa-0.35-pe-1.00,LinearSearch,23,10,0.35,zephyr,16,1.0,3.6389830508474574,6.8,214.7,8.07866139083635,1,10.0,3.3220338983050848
M-25-N-10-pa-0.35-pe-1.00,LinearSearch With Preprocessing,23,10,0.35,zephyr,16,1.0,3.6389830508474574,6.8,214.7,7.796224510436877,1,10.0,3.3220338983050848
M-25-N-10-pa-0.35-pe-1.00,LinearSearch With Preprocessing and Reduced Qubits,23,10,0.35,zephyr,16,1.0,2.875757575757576,4.0,94.9,2.697603023517877,1,10.0,2.757575757575758
M-25-N-10-pa-0.35-pe-1.00,LinearSearch With Reduced Qubits,23,10,0.35,zephyr,16,1.0,2.875757575757576,4.0,94.9,2.6259776598541067,1,10.0,2.757575757575758
M-25-N-10-pa-0.45-pe-1.00,BinSearch,25,10,0.45,zephyr,16,1.0,3.242857142857143,4.6,113.5,3.1094909199280663,1,10.0,3.057142857142857
M-25-N-10-pa-0.45-pe-1.00,LinearSearch,25,10,0.45,zephyr,16,1.0,4.1692307692307695,7.5,271.0,15.85105473662261,1,10.0,3.923076923076923
M-25-N-10-pa-0.45-pe-1.00,LinearSearch With Preprocessing,25,10,0.45,zephyr,16,1.0,4.1692307692307695,7.5,271.0,15.735614839801565,1,10.0,3.923076923076923
M-25-N-10-pa-0.45-pe-1.00,LinearSearch With Preprocessing and Reduced Qubits,25,10,0.45,zephyr,16,1.0,3.242857142857143,4.6,113.5,3.242693113978021,1,10.0,3.057142857142857
M-25-N-10-pa-0.45-pe-1.00,LinearSearch With Reduced Qubits,25,10,0.45,zephyr,16,1.0,3.242857142857143,4.6,113.5,3.5893909876933323,1,10.0,3.057142857142857
M-25-N-10-pa-0.55-pe-1.00,BinSearch,25,10,0.55,zephyr,16,1.0,3.2628571428571425,4.5,114.2,2.9657882717670874,1,10.0,3.085714285714286
M-25-N-10-pa-0.55-pe-1.00,LinearSearch,25,10,0.55,zephyr,16,1.0,4.295384615384616,7.6,279.2,15.636058167507873,1,10.0,3.953846153846154
M-25-N-10-pa-0.55-pe-1.00,LinearSearch With Preprocessing,25,10,0.55,zephyr,16,1.0,4.295384615384616,7.6,279.2,15.578242906485684,1,10.0,3.953846153846154
M-25-N-10-pa-0.55-pe-1.00,LinearSearch With Preprocessing and Reduced Qubits,25,10,0.55,zephyr,16,1.0,3.2628571428571425,4.5,114.2,2.8784635790856554,1,10.0,3.085714285714286
M-25-N-10-pa-0.55-pe-1.00,LinearSearch With Reduced Qubits,25,10,0.55,zephyr,16,1.0,3.2628571428571425,4.5,114.2,2.962132769823074,1,10.0,3.085714285714286
M-25-N-10-pa-0.65-pe-1.00,BinSearch,25,10,0.65,zephyr,16,1.0,3.38,4.7,118.3,3.292456661351025,1,10.0,3.2857142857142856
M-25-N-10-pa-0.65-pe-1.00,LinearSearch,25,10,0.65,zephyr,16,1.0,4.5397058823529415,8.3,308.7,26.101783669972793,1,10.0,4.397058823529412
M-25-N-10-pa-0.65-pe-1.00,LinearSearch With Preprocessing,25,10,0.65,zephyr,16,1.0,4.5397058823529415,8.3,308.7,25.39514816023875,1,10.0,4.397058823529412
M-25-N-10-pa-0.65-pe-1.00,LinearSearch With Preprocessing and Reduced Qubits,25,10,0.65,zephyr,16,1.0,3.38,4.7,118.3,3.012045156490058,1,10.0,3.2857142857142856
M-25-N-10-pa-0.65-pe-1.00,LinearSearch With Reduced Qubits,25,10,0.65,zephyr,16,1.0,3.38,4.7,118.3,3.18029192937538,1,10.0,3.2857142857142856
M-25-N-25-pa-0.05-pe-1.00,BinSearch,22,23,0.05,zephyr,16,1.0,2.2888888888888888,3.0,61.8,1.0548899260582403,1,10.0,2.259259259259259
M-25-N-25-pa-0.05-pe-1.00,LinearSearch,22,23,0.05,zephyr,16,1.0,2.2888888888888888,3.0,61.8,15.612055637012237,15,10.0,2.259259259259259
M-25-N-25-pa-0.05-pe-1.00,LinearSearch With Preprocessing,22,23,0.05,zephyr,16,1.0,2.2888888888888888,3.0,61.8,1.0679990007774904,1,10.0,2.259259259259259
M-25-N-25-pa-0.05-pe-1.00,LinearSearch With Preprocessing and Reduced Qubits,22,23,0.05,zephyr,16,1.0,2.2888888888888888,3.0,61.8,1.0701625765068457,1,10.0,2.259259259259259
M-25-N-25-pa-0.05-pe-1.00,LinearSearch With Reduced Qubits,22,23,0.05,zephyr,16,1.0,2.2888888888888888,3.0,61.8,15.930301641020923,15,10.0,2.259259259259259
M-25-N-25-pa-0.15-pe-1.00,BinSearch,24,25,0.15,zephyr,16,1.0,2.5354166666666664,4.7,121.7,6.153000265802257,2,10.0,2.375
M-25-N-25-pa-0.15-pe-1.00,LinearSearch,24,25,0.15,zephyr,16,1.0,2.5354166666666664,4.7,121.7,22.405594213260336,7,10.0,2.375
M-25-N-25-pa-0.15-pe-1.00,LinearSearch With Preprocessing,24,25,0.15,zephyr,16,1.0,2.5354166666666664,4.7,121.7,6.108436527661979,2,10.0,2.375
M-25-N-25-pa-0.15-pe-1.00,LinearSearch With Preprocessing and Reduced Qubits,24,25,0.15,zephyr,16,1.0,2.5354166666666664,4.7,121.7,6.5568187274504455,2,10.0,2.375
M-25-N-25-pa-0.15-pe-1.00,LinearSearch With Reduced Qubits,24,25,0.15,zephyr,16,1.0,2.517632850241546,4.528571428571429,115.15714285714286,19.90929826372303,7,10.0,2.3409247757073848
M-25-N-25-pa-0.25-pe-1.00,BinSearch,25,25,0.25,zephyr,16,1.0,3.8882634132420093,8.9,330.54999999999995,40.594967973278834,2,10.0,3.5505850456621006
M-25-N-25-pa-0.25-pe-1.00,LinearSearch,25,25,0.25,zephyr,16,1.0,4.269949494949495,11.2,422.72499999999997,106.61805230018217,4,10.0,3.878787878787879
M-25-N-25-pa-0.25-pe-1.00,LinearSearch With Preprocessing,25,25,0.25,zephyr,16,1.0,4.263973063973064,11.166666666666666,422.1333333333334,79.88974511581473,3,10.0,3.868686868686869
M-25-N-25-pa-0.25-pe-1.00,LinearSearch With Preprocessing and Reduced Qubits,25,25,0.25,zephyr,16,1.0,3.8305317732115682,8.533333333333333,310.76666666666665,54.1384589388268,3,10.0,3.5223078386605784
M-25-N-25-pa-0.25-pe-1.00,LinearSearch With Reduced Qubits,25,25,0.25,zephyr,16,1.0,3.643306993173982,7.675,270.825,59.44604663767386,4,10.0,3.366220674913801
M-25-N-25-pa-0.35-pe-1.00,BinSearch,25,25,0.35,zephyr,16,1.0,3.5839999999999996,6.8,227.95,29.01431258539669,2,10.0,3.2800000000000002
M-25-N-25-pa-0.35-pe-1.00,LinearSearch,25,25,0.35,zephyr,16,1.0,5.191025641025641,15.350000000000001,607.3499999999999,61.92078742692247,2,10.0,4.760683760683761
M-25-N-25-pa-0.35-pe-1.00,LinearSearch With Preprocessing,25,25,0.35,zephyr,16,1.0,5.219230769230769,15.4,610.65,62.24847322418354,2,10.0,4.914529914529915
M-25-N-25-pa-0.35-pe-1.00,LinearSearch With Preprocessing and Reduced Qubits,25,25,0.35,zephyr,16,1.0,3.5839999999999996,6.8,227.95,30.58821245629806,2,10.0,3.2800000000000002
M-25-N-25-pa-0.35-pe-1.00,LinearSearch With Reduced Qubits,25,25,0.35,zephyr,16,1.0,3.5839999999999996,6.8,227.95,29.64342399747111,2,10.0,3.2800000000000002
M-25-N-25-pa-0.45-pe-1.00,BinSearch,25,25,0.45,zephyr,16,1.0,3.823666666666666,6.8999999999999995,242.75,27.063640019809828,2,10.0,3.546666666666667
M-25-N-25-pa-0.45-pe-1.00,LinearSearch,25,25,0.45,zephyr,16,1.0,5.773305084745763,17.5,681.25,63.79311061666813,2,10.0,5.050847457627119
M-25-N-25-pa-0.45-pe-1.00,LinearSearch With Preprocessing,25,25,0.45,zephyr,16,1.0,5.713559322033898,17.35,674.2,64.04522180438508,2,10.0,4.970338983050848
M-25-N-25-pa-0.45-pe-1.00,LinearSearch With Preprocessing and Reduced Qubits,25,25,0.45,zephyr,16,1.0,3.823666666666666,6.8999999999999995,242.75,26.935821613646112,2,10.0,3.546666666666667
M-25-N-25-pa-0.45-pe-1.00,LinearSearch With Reduced Qubits,25,25,0.45,zephyr,16,1.0,3.823666666666666,6.8999999999999995,242.75,27.839850510517138,2,10.0,3.546666666666667
M-25-N-25-pa-0.55-pe-1.00,BinSearch,25,25,0.55,zephyr,16,1.0,3.934344422700587,7.050000000000001,244.35,31.518546605436132,2,10.0,3.74853228962818
M-25-N-25-pa-0.55-pe-1.00,LinearSearch,25,25,0.55,zephyr,16,1.0,6.438000000000001,19.0,804.75,64.61149215016047,2,10.0,5.848
M-25-N-25-pa-0.55-pe-1.00,LinearSearch With Preprocessing,25,25,0.55,zephyr,16,1.0,6.4144000000000005,19.0,801.8,64.20858643148094,2,10.0,5.704
M-25-N-25-pa-0.55-pe-1.00,LinearSearch With Preprocessing and Reduced Qubits,25,25,0.55,zephyr,16,1.0,3.934344422700587,7.050000000000001,244.35,30.762918867822734,2,10.0,3.74853228962818
M-25-N-25-pa-0.55-pe-1.00,LinearSearch With Reduced Qubits,25,25,0.55,zephyr,16,1.0,3.934344422700587,7.050000000000001,244.35,31.115012909122743,2,10.0,3.74853228962818
M-25-N-25-pa-0.65-pe-1.00,BinSearch,25,25,0.65,zephyr,16,1.0,3.556,5.8,177.8,8.136863467283547,1,10.0,3.44
M-25-N-25-pa-0.65-pe-1.00,LinearSearch,25,25,0.65,zephyr,16,1.0,7.050364963503649,23.2,965.9,34.41546486956067,1,10.0,5.956204379562044
M-25-N-25-pa-0.65-pe-1.00,LinearSearch With Preprocessing,25,25,0.65,zephyr,16,1.0,7.091240875912409,23.3,971.5,34.731676763203,1,10.0,5.956204379562044
M-25-N-25-pa-0.65-pe-1.00,LinearSearch With Preprocessing and Reduced Qubits,25,25,0.65,zephyr,16,1.0,3.556,5.8,177.8,8.662463057925924,1,10.0,3.44
M-25-N-25-pa-0.65-pe-1.00,LinearSearch With Reduced Qubits,25,25,0.65,zephyr,16,1.0,3.556,5.8,177.8,8.086901462636888,1,10.0,3.44
M-25-N-25-pa-0.75-pe-1.00,BinSearch,25,25,0.75,zephyr,16,1.0,3.606382978723404,5.8,169.5,8.484087391360664,1,10.0,3.3617021276595747
M-25-N-25-pa-0.75-pe-1.00,LinearSearch,25,25,0.75,zephyr,16,1.0,6.931060606060607,21.4,914.9,33.889035023795444,1,10.0,5.651515151515151
M-25-N-25-pa-0.75-pe-1.00,LinearSearch With Preprocessing,25,25,0.75,zephyr,16,1.0,6.909090909090909,21.2,912.0,34.37455255473033,1,10.0,5.651515151515151
M-25-N-25-pa-0.75-pe-1.00,LinearSearch With Preprocessing and Reduced Qubits,25,25,0.75,zephyr,16,1.0,3.606382978723404,5.8,169.5,8.170438556163571,1,10.0,3.3617021276595747
M-25-N-25-pa-0.75-pe-1.00,LinearSearch With Reduced Qubits,25,25,0.75,zephyr,16,1.0,3.606382978723404,5.8,169.5,9.201397476322018,1,10.0,3.3617021276595747
M-25-N-25-pa-0.85-pe-1.00,BinSearch,25,25,0.85,zephyr,16,1.0,3.7122448979591836,5.9,181.9,8.934919982077554,1,10.0,3.5510204081632653
M-25-N-25-pa-0.85-pe-1.00,LinearSearch,25,25,0.85,zephyr,16,1.0,7.486896551724138,25.0,1085.6,34.075477997260165,1,10.0,6.558620689655172
M-25-N-25-pa-0.85-pe-1.00,LinearSearch With Preprocessing,25,25,0.85,zephyr,16,1.0,7.399310344827586,24.6,1072.9,35.143804372102025,1,10.0,6.558620689655172
M-25-N-25-pa-0.85-pe-1.00,LinearSearch With Preprocessing and Reduced Qubits,25,25,0.85,zephyr,16,1.0,3.7122448979591836,5.9,181.9,9.526261412468738,1,10.0,3.5510204081632653
M-25-N-25-pa-0.85-pe-1.00,LinearSearch With Reduced Qubits,25,25,0.85,zephyr,16,1.0,3.7122448979591836,5.9,181.9,9.740830881218425,1,10.0,3.5510204081632653
M-25-N-5-pa-0.05-pe-1.00,BinSearch,8,5,0.05,zephyr,16,1.0,1.4272727272727272,2.0,15.7,0.141769579029642,1,10.0,1.3636363636363635
M-25-N-5-pa-0.05-pe-1.00,LinearSearch,8,5,0.05,zephyr,16,1.0,1.4272727272727272,2.0,15.7,0.5556255367351695,4,10.0,1.3636363636363635
M-25-N-5-pa-0.05-pe-1.00,LinearSearch With Preprocessing,8,5,0.05,zephyr,16,1.0,1.4272727272727272,2.0,15.7,0.1331544117070734,1,10.0,1.3636363636363635
M-25-N-5-pa-0.05-pe-1.00,LinearSearch With Preprocessing and Reduced Qubits,8,5,0.05,zephyr,16,1.0,1.4272727272727272,2.0,15.7,0.13547884200233964,1,10.0,1.3636363636363635
M-25-N-5-pa-0.05-pe-1.00,LinearSearch With Reduced Qubits,8,5,0.05,zephyr,16,1.0,1.4379545454545455,2.0,15.45,0.563734196173027,4,10.0,1.3727272727272726
M-25-N-5-pa-0.15-pe-1.00,BinSearch,21,5,0.15,zephyr,16,1.0,2.413333333333333,3.3,72.4,1.3844509897986428,1,10.0,2.3
M-25-N-5-pa-0.15-pe-1.00,LinearSearch,21,5,0.15,zephyr,16,1.0,2.5542857142857143,3.9,89.4,3.354926068498753,2,10.0,2.4
M-25-N-5-pa-0.15-pe-1.00,LinearSearch With Preprocessing,21,5,0.15,zephyr,16,1.0,2.5542857142857143,3.9,89.4,1.6545832571806387,1,10.0,2.4
M-25-N-5-pa-0.15-pe-1.00,LinearSearch With Preprocessing and Reduced Qubits,21,5,0.15,zephyr,16,1.0,2.413333333333333,3.3,72.4,1.4172632955946027,1,10.0,2.3
M-25-N-5-pa-0.15-pe-1.00,LinearSearch With Reduced Qubits,21,5,0.15,zephyr,16,1.0,2.387435897435897,3.15,66.9,2.6226988144917414,2,10.0,2.2846153846153845
M-25-N-5-pa-0.25-pe-1.00,BinSearch,16,5,0.25,zephyr,16,1.0,2.1333333333333333,3.0,44.8,0.786100834584795,1,10.0,2.0
M-25-N-5-pa-0.25-pe-1.00,LinearSearch,16,5,0.25,zephyr,16,1.0,2.4483870967741934,3.6,75.9,1.1952595548005776,1,10.0,2.290322580645161
M-25-N-5-pa-0.25-pe-1.00,LinearSearch With Preprocessing,16,5,0.25,zephyr,16,1.0,2.4483870967741934,3.6,75.9,1.3087233036523684,1,10.0,2.290322580645161
M-25-N-5-pa-0.25-pe-1.00,LinearSearch With Preprocessing and Reduced Qubits,16,5,0.25,zephyr,16,1.0,2.1333333333333333,3.0,44.8,0.6727172506041825,1,10.0,2.0
M-25-N-5-pa-0.25-pe-1.00,LinearSearch With Reduced Qubits,16,5,0.25,zephyr,16,1.0,2.1333333333333333,3.0,44.8,0.6696344109252095,1,10.0,2.0
M-25-N-5-pa-0.35-pe-1.00,BinSearch,24,5,0.35,zephyr,16,1.0,2.9172413793103447,4.0,84.6,2.1545516547979786,1,10.0,2.7586206896551726
M-25-N-5-pa-0.35-pe-1.00,LinearSearch,24,5,0.35,zephyr,16,1.0,3.330232558139535,5.3,143.2,3.4759728121804074,1,10.0,3.0232558139534884
M-25-N-5-pa-0.35-pe-1.00,LinearSearch With Preprocessing,24,5,0.35,zephyr,16,1.0,3.330232558139535,5.3,143.2,3.635739216580987,1,10.0,3.0232558139534884
M-25-N-5-pa-0.35-pe-1.00,LinearSearch With Preprocessing and Reduced Qubits,24,5,0.35,zephyr,16,1.0,2.9172413793103447,4.0,84.6,1.982717743027024,1,10.0,2.7586206896551726
M-25-N-5-pa-0.35-pe-1.00,LinearSearch With Reduced Qubits,24,5,0.35,zephyr,16,1.0,2.9172413793103447,4.0,84.6,1.975949661922641,1,10.0,2.7586206896551726
M-25-N-5-pa-0.45-pe-1.00,BinSearch,25,5,0.45,zephyr,16,1.0,3.05,4.0,91.5,2.3651231295196338,1,10.0,2.933333333333333
M-25-N-5-pa-0.45-pe-1.00,LinearSearch,25,5,0.45,zephyr,16,1.0,3.651111111111111,5.6,164.3,5.875354425492697,1,10.0,3.4
M-25-N-5-pa-0.45-pe-1.00,LinearSearch With Preprocessing,25,5,0.45,zephyr,16,1.0,3.651111111111111,5.6,164.3,6.159029684332199,1,10.0,3.4
M-25-N-5-pa-0.45-pe-1.00,LinearSearch With Preprocessing and Reduced Qubits,25,5,0.45,zephyr,16,1.0,3.05,4.0,91.5,2.192162068001926,1,10.0,2.933333333333333
M-25-N-5-pa-0.45-pe-1.00,LinearSearch With Reduced Qubits,25,5,0.45,zephyr,16,1.0,3.05,4.0,91.5,2.286740160640329,1,10.0,2.933333333333333
M-25-N-50-pa-0.05-pe-1.00,BinSearch,24,37,0.05,zephyr,16,1.0,2.479310344827586,3.3,71.9,1.5280868757050485,1,10.0,2.3793103448275863
M-25-N-50-pa-0.05-pe-1.00,LinearSearch,24,37,0.05,zephyr,16,1.0,2.479310344827586,3.3,71.9,23.611741716158576,16,10.0,2.3793103448275863
M-25-N-50-pa-0.05-pe-1.00,LinearSearch With Preprocessing,24,37,0.05,zephyr,16,1.0,2.479310344827586,3.3,71.9,1.5040736591210588,1,10.0,2.3793103448275863
M-25-N-50-pa-0.05-pe-1.00,LinearSearch With Preprocessing and Reduced Qubits,24,37,0.05,zephyr,16,1.0,2.479310344827586,3.3,71.9,1.498991544288583,1,10.0,2.3793103448275863
M-25-N-50-pa-0.05-pe-1.00,LinearSearch With Reduced Qubits,24,37,0.05,zephyr,16,1.0,2.4806034482758617,3.2874999999999996,71.78125,23.726981607754716,16,10.0,2.377924876847291
M-25-N-50-pa-0.15-pe-1.00,BinSearch,25,49,0.15,zephyr,16,1.0,2.7288135593220337,5.6,161.0,4.690227963798679,1,10.0,2.5254237288135597
M-25-N-50-pa-0.15-pe-1.00,LinearSearch,25,49,0.15,zephyr,16,1.0,2.7288135593220337,5.6,161.0,39.17124345418997,8,10.0,2.5254237288135597
M-25-N-50-pa-0.15-pe-1.00,LinearSearch With Preprocessing,25,49,0.15,zephyr,16,1.0,2.7288135593220337,5.6,161.0,4.6267568587092684,1,10.0,2.5254237288135597
M-25-N-50-pa-0.15-pe-1.00,LinearSearch With Preprocessing and Reduced Qubits,25,49,0.15,zephyr,16,1.0,2.7288135593220337,5.6,161.0,4.93542383252643,1,10.0,2.5254237288135597
M-25-N-50-pa-0.15-pe-1.00,LinearSearch With Reduced Qubits,25,49,0.15,zephyr,16,1.0,2.6687290259547174,5.2875,150.85,37.25181420797016,8,10.0,2.4446179006839133
M-25-N-50-pa-0.25-pe-1.00,BinSearch,25,50,0.25,zephyr,16,1.0,4.4548000000000005,14.7,556.8499999999999,62.1976548276376,2,10.0,4.168
M-25-N-50-pa-0.25-pe-1.00,LinearSearch,25,50,0.25,zephyr,16,1.0,4.519592875318065,15.033333333333333,592.0666666666667,189.3692636352498,6,10.0,4.305343511450381
M-25-N-50-pa-0.25-pe-1.00,LinearSearch With Preprocessing,25,50,0.25,zephyr,16,1.0,4.520101781170484,15.166666666666666,592.1333333333333,94.39470059261657,3,10.0,4.305343511450381
M-25-N-50-pa-0.25-pe-1.00,LinearSearch With Preprocessing and Reduced Qubits,25,50,0.25,zephyr,16,1.0,4.4472,14.566666666666668,555.9,93.77844226364978,3,10.0,4.176
M-25-N-50-pa-0.25-pe-1.00,LinearSearch With Reduced Qubits,25,50,0.25,zephyr,16,1.0,3.9991878767393394,11.299999999999999,431.6666666666667,163.27631476270034,6,10.0,3.72497797307194
M-25-N-50-pa-0.35-pe-1.00,BinSearch,25,50,0.35,zephyr,16,1.0,5.250382226469183,19.05,740.05,65.4293085192563,2,10.0,4.677098264054786
M-25-N-50-pa-0.35-pe-1.00,LinearSearch,25,50,0.35,zephyr,16,1.0,6.053983516483517,29.474999999999998,1101.825,135.44114166758953,4,10.0,5.736263736263736
M-25-N-50-pa-0.35-pe-1.00,LinearSearch With Preprocessing,25,50,0.35,zephyr,16,1.0,6.0489010989011005,29.399999999999995,1100.9,102.13558997293003,3,10.0,5.736263736263736
M-25-N-50-pa-0.35-pe-1.00,LinearSearch With Preprocessing and Reduced Qubits,25,50,0.35,zephyr,16,1.0,5.110389127780432,17.633333333333333,682.7999999999998,96.6859841683181,3,10.0,4.562509953814302
M-25-N-50-pa-0.35-pe-1.00,LinearSearch With Reduced Qubits,25,50,0.35,zephyr,16,1.0,4.663643623165974,14.649999999999999,569.0999999999999,111.24582973006181,4,10.0,4.211246856837794
M-25-N-50-pa-0.45-pe-1.00,BinSearch,25,50,0.45,zephyr,16,1.0,4.64,12.5,488.4,52.911470670229754,2,10.0,4.282666666666667
M-25-N-50-pa-0.45-pe-1.00,LinearSearch,25,50,0.45,zephyr,16,0.9,7.931051587301587,48.611111111111114,1776.5555555555557,70.57690222775562,2,10.0,7.417410714285714
M-25-N-50-pa-0.45-pe-1.00,LinearSearch With Preprocessing,25,50,0.45,zephyr,16,0.9,7.850694444444445,47.888888888888886,1758.5555555555557,76.4965070462087,2,10.0,7.339285714285714
M-25-N-50-pa-0.45-pe-1.00,LinearSearch With Preprocessing and Reduced Qubits,25,50,0.45,zephyr,16,1.0,4.664,12.600000000000001,491.4,53.17152023056988,2,10.0,4.258666666666667
M-25-N-50-pa-0.45-pe-1.00,LinearSearch With Reduced Qubits,25,50,0.45,zephyr,16,1.0,4.6332,12.100000000000001,487.54999999999995,51.92259182687849,2,10.0,4.258666666666667
M-25-N-50-pa-0.55-pe-1.00,BinSearch,25,50,0.55,zephyr,16,1.0,4.6444809238084455,11.5,471.9,54.39858289563563,2,10.0,4.305388882599344
M-25-N-50-pa-0.55-pe-1.00,LinearSearch,25,50,0.55,zephyr,16,0.95,8.41514014014014,50.46111111111111,1868.161111111111,74.51485012385528,2,10.0,7.63963963963964
M-25-N-50-pa-0.55-pe-1.00,LinearSearch With Preprocessing,25,50,0.55,zephyr,16,0.95,8.367342342342342,50.08333333333333,1857.55,75.59134705306496,2,10.0,7.7342342342342345
M-25-N-50-pa-0.55-pe-1.00,LinearSearch With Preprocessing and Reduced Qubits,25,50,0.55,zephyr,16,1.0,4.650679270915884,11.8,472.65,56.485206772224046,2,10.0,4.292992188384467
M-25-N-50-pa-0.55-pe-1.00,LinearSearch With Reduced Qubits,25,50,0.55,zephyr,16,1.0,4.668861089097701,11.600000000000001,474.85,55.128055615350604,2,10.0,4.210347560285293
M-25-N-50-pa-0.65-pe-1.00,BinSearch,25,50,0.65,zephyr,16,1.0,3.79041095890411,8.0,276.7,22.616619763476773,1,10.0,3.589041095890411
M-25-N-50-pa-0.65-pe-1.00,LinearSearch,25,50,0.65,zephyr,16,1.0,9.238075313807531,53.0,2207.9,39.7225261841435,1,10.0,8.451882845188285
M-25-N-50-pa-0.65-pe-1.00,LinearSearch With Preprocessing,25,50,0.65,zephyr,16,1.0,9.238075313807531,53.0,2207.9,39.79630223351997,1,10.0,8.451882845188285
M-25-N-50-pa-0.65-pe-1.00,LinearSearch With Preprocessing and Reduced Qubits,25,50,0.65,zephyr,16,1.0,3.79041095890411,8.0,276.7,22.33678799192421,1,10.0,3.589041095890411
M-25-N-50-pa-0.65-pe-1.00,LinearSearch With Reduced Qubits,25,50,0.65,zephyr,16,1.0,3.79041095890411,8.0,276.7,22.582447632797994,1,10.0,3.589041095890411
M-25-N-50-pa-0.75-pe-1.00,BinSearch,25,50,0.75,zephyr,16,1.0,3.9183098591549297,7.6,278.2,21.499557445780376,1,10.0,3.76056338028169
M-25-N-50-pa-0.75-pe-1.00,LinearSearch,25,50,0.75,zephyr,16,1.0,9.53127572016461,57.4,2316.1,47.056039472692646,1,10.0,8.34156378600823
M-25-N-50-pa-0.75-pe-1.00,LinearSearch With Preprocessing,25,50,0.75,zephyr,16,1.0,9.53127572016461,57.4,2316.1,43.880838376889,1,10.0,8.34156378600823
M-25-N-50-pa-0.75-pe-1.00,LinearSearch With Preprocessing and Reduced Qubits,25,50,0.75,zephyr,16,1.0,3.9183098591549297,7.6,278.2,20.448397795297204,1,10.0,3.76056338028169
M-25-N-50-pa-0.75-pe-1.00,LinearSearch With Reduced Qubits,25,50,0.75,zephyr,16,1.0,3.9183098591549297,7.6,278.2,20.423435512417928,1,10.0,3.76056338028169
M-25-N-50-pa-0.85-pe-1.00,BinSearch,25,50,0.85,zephyr,16,1.0,3.8,7.5,247.0,23.249497776245697,1,10.0,3.661538461538461
M-25-N-50-pa-0.85-pe-1.00,LinearSearch,25,50,0.85,zephyr,16,0.9,9.338765432098764,50.666666666666664,2101.222222222222,40.51916184071452,1,10.0,8.635555555555555
M-25-N-50-pa-0.85-pe-1.00,LinearSearch With Preprocessing,25,50,0.85,zephyr,16,0.9,9.338765432098764,50.666666666666664,2101.222222222222,40.258420175057836,1,10.0,8.635555555555555
M-25-N-50-pa-0.85-pe-1.00,LinearSearch With Preprocessing and Reduced Qubits,25,50,0.85,zephyr,16,1.0,3.8,7.5,247.0,23.32406000199262,1,10.0,3.661538461538461
M-25-N-50-pa-0.85-pe-1.00,LinearSearch With Reduced Qubits,25,50,0.85,zephyr,16,1.0,3.8,7.5,247.0,23.38479161686264,1,10.0,3.661538461538461
M-5-N-10-pa-0.05-pe-1.00,BinSearch,5,5,0.05,zephyr,16,1.0,1.2,2.0,6.0,0.07679134882055218,1,10.0,1.2
M-5-N-10-pa-0.05-pe-1.00,LinearSearch,5,5,0.05,zephyr,16,1.0,1.2,2.0,6.0,0.14983838910702607,2,10.0,1.2
M-5-N-10-pa-0.05-pe-1.00,LinearSearch With Preprocessing,5,5,0.05,zephyr,16,1.0,1.2,2.0,6.0,0.08482800412457431,1,10.0,1.2
M-5-N-10-pa-0.05-pe-1.00,LinearSearch With Preprocessing and Reduced Qubits,5,5,0.05,zephyr,16,1.0,1.2,2.0,6.0,0.0755427627591416,1,10.0,1.2
M-5-N-10-pa-0.05-pe-1.00,LinearSearch With Reduced Qubits,5,5,0.05,zephyr,16,1.0,1.2,2.0,6.0,0.15161416560877106,2,10.0,1.2
M-5-N-10-pa-0.15-pe-1.00,BinSearch,4,5,0.15,zephyr,16,1.0,1.0,1.0,4.0,0.06961341812275346,1,10.0,1.0
M-5-N-10-pa-0.15-pe-1.00,LinearSearch,4,5,0.15,zephyr,16,1.0,1.0,1.0,4.0,0.2098426566692068,3,10.0,1.0
M-5-N-10-pa-0.15-pe-1.00,LinearSearch With Preprocessing,4,5,0.15,zephyr,16,1.0,1.0,1.0,4.0,0.06817756388336418,1,10.0,1.0
M-5-N-10-pa-0.15-pe-1.00,LinearSearch With Preprocessing and Reduced Qubits,4,5,0.15,zephyr,16,1.0,1.0,1.0,4.0,0.07009941774886098,1,10.0,1.0
M-5-N-10-pa-0.15-pe-1.00,LinearSearch With Reduced Qubits,4,5,0.15,zephyr,16,1.0,1.0,1.0,4.0,0.2072362955426796,3,10.0,1.0
M-5-N-10-pa-0.25-pe-1.00,BinSearch,4,6,0.25,zephyr,16,1.0,1.0,1.0,4.0,0.06804861684795466,1,10.0,1.0
M-5-N-10-pa-0.25-pe-1.00,LinearSearch,4,6,0.25,zephyr,16,1.0,1.0,1.0,4.0,0.13811720313969988,2,10.0,1.0
M-5-N-10-pa-0.25-pe-1.00,LinearSearch With Preprocessing,4,6,0.25,zephyr,16,1.0,1.0,1.0,4.0,0.0689806853421032,1,10.0,1.0
M-5-N-10-pa-0.25-pe-1.00,LinearSearch With Preprocessing and Reduced Qubits,4,6,0.25,zephyr,16,1.0,1.0,1.0,4.0,0.0735007101902738,1,10.0,1.0
M-5-N-10-pa-0.25-pe-1.00,LinearSearch With Reduced Qubits,4,6,0.25,zephyr,16,1.0,1.0,1.0,4.0,0.139559060987085,2,10.0,1.0
M-5-N-10-pa-0.35-pe-1.00,BinSearch,5,9,0.35,zephyr,16,1.0,1.1666666666666667,2.0,7.0,0.0792536806315183,1,10.0,1.1666666666666667
M-5-N-10-pa-0.35-pe-1.00,LinearSearch,5,9,0.35,zephyr,16,1.0,1.1666666666666667,2.0,7.0,0.24277692213654506,3,10.0,1.1666666666666667
M-5-N-10-pa-0.35-pe-1.00,LinearSearch With Preprocessing,5,9,0.35,zephyr,16,1.0,1.1666666666666667,2.0,7.0,0.08189644471276546,1,10.0,1.1666666666666667
M-5-N-10-pa-0.35-pe-1.00,LinearSearch With Preprocessing and Reduced Qubits,5,9,0.35,zephyr,16,1.0,1.1666666666666667,2.0,7.0,0.07891568823251868,1,10.0,1.1666666666666667
M-5-N-10-pa-0.35-pe-1.00,LinearSearch With Reduced Qubits,5,9,0.35,zephyr,16,1.0,1.1666666666666667,2.0,7.0,0.24980322641786173,3,10.0,1.1666666666666667
M-5-N-10-pa-0.45-pe-1.00,BinSearch,5,10,0.45,zephyr,16,1.0,1.2222222222222223,2.0,11.0,0.08974210822489108,1,10.0,1.2222222222222223
M-5-N-10-pa-0.45-pe-1.00,LinearSearch,5,10,0.45,zephyr,16,1.0,1.2222222222222223,2.0,11.0,0.1832104173256084,2,10.0,1.2222222222222223
M-5-N-10-pa-0.45-pe-1.00,LinearSearch With Preprocessing,5,10,0.45,zephyr,16,1.0,1.2222222222222223,2.0,11.0,0.08881579698063428,1,10.0,1.2222222222222223
M-5-N-10-pa-0.45-pe-1.00,LinearSearch With Preprocessing and Reduced Qubits,5,10,0.45,zephyr,16,1.0,1.2222222222222223,2.0,11.0,0.09269774325657631,1,10.0,1.2222222222222223
M-5-N-10-pa-0.45-pe-1.00,LinearSearch With Reduced Qubits,5,10,0.45,zephyr,16,1.0,1.2222222222222223,2.0,11.0,0.1844666105927899,2,10.0,1.2222222222222223
M-5-N-10-pa-0.55-pe-1.00,BinSearch,5,7,0.55,zephyr,16,1.0,1.2444444444444445,2.0,11.2,0.09824434402398761,1,10.0,1.2222222222222223
M-5-N-10-pa-0.55-pe-1.00,LinearSearch,5,7,0.55,zephyr,16,1.0,1.2454545454545456,2.0,13.7,0.11305730801541355,1,10.0,1.181818181818182
M-5-N-10-pa-0.55-pe-1.00,LinearSearch With Preprocessing,5,7,0.55,zephyr,16,1.0,1.2454545454545456,2.0,13.7,0.10968743502162395,1,10.0,1.181818181818182
M-5-N-10-pa-0.55-pe-1.00,LinearSearch With Preprocessing and Reduced Qubits,5,7,0.55,zephyr,16,1.0,1.2444444444444445,2.0,11.2,0.09697352303192017,1,10.0,1.2222222222222223
M-5-N-10-pa-0.55-pe-1.00,LinearSearch With Reduced Qubits,5,7,0.55,zephyr,16,1.0,1.2444444444444445,2.0,11.2,0.09680968087632205,1,10.0,1.2222222222222223
M-5-N-10-pa-0.65-pe-1.00,BinSearch,5,9,0.65,zephyr,16,1.0,1.22,2.0,12.2,0.10920561128295954,1,10.0,1.2
M-5-N-10-pa-0.65-pe-1.00,LinearSearch,5,9,0.65,zephyr,16,1.0,1.2538461538461538,2.0,16.3,0.12429459630511697,1,10.0,1.2307692307692308
M-5-N-10-pa-0.65-pe-1.00,LinearSearch With Preprocessing,5,9,0.65,zephyr,16,1.0,1.2538461538461538,2.0,16.3,0.12709122092928732,1,10.0,1.2307692307692308
M-5-N-10-pa-0.65-pe-1.00,LinearSearch With Preprocessing and Reduced Qubits,5,9,0.65,zephyr,16,1.0,1.22,2.0,12.2,0.10228068707510822,1,10.0,1.2
M-5-N-10-pa-0.65-pe-1.00,LinearSearch With Reduced Qubits,5,9,0.65,zephyr,16,1.0,1.22,2.0,12.2,0.10194006727542723,1,10.0,1.2
M-5-N-10-pa-0.75-pe-1.00,BinSearch,5,8,0.75,zephyr,16,1.0,1.2444444444444445,2.0,11.2,0.09894655984826381,1,10.0,1.2222222222222223
M-5-N-10-pa-0.75-pe-1.00,LinearSearch,5,8,0.75,zephyr,16,1.0,1.2416666666666667,2.0,14.9,0.13776760820765044,1,10.0,1.1666666666666667
M-5-N-10-pa-0.75-pe-1.00,LinearSearch With Preprocessing,5,8,0.75,zephyr,16,1.0,1.2416666666666667,2.0,14.9,0.12724657370708878,1,10.0,1.1666666666666667
M-5-N-10-pa-0.75-pe-1.00,LinearSearch With Preprocessing and Reduced Qubits,5,8,0.75,zephyr,16,1.0,1.2444444444444445,2.0,11.2,0.09915437039453533,1,10.0,1.2222222222222223
M-5-N-10-pa-0.75-pe-1.00,LinearSearch With Reduced Qubits,5,8,0.75,zephyr,16,1.0,1.2444444444444445,2.0,11.2,0.09870443278923627,1,10.0,1.2222222222222223
M-5-N-25-pa-0.05-pe-1.00,BinSearch,5,10,0.05,zephyr,16,1.0,1.2,2.0,6.0,0.07647897663991894,1,10.0,1.2
M-5-N-25-pa-0.05-pe-1.00,LinearSearch,5,10,0.05,zephyr,16,1.0,1.2,2.0,6.0,0.3115537042263894,4,10.0,1.2
M-5-N-25-pa-0.05-pe-1.00,LinearSearch With Preprocessing,5,10,0.05,zephyr,16,1.0,1.2,2.0,6.0,0.07523516968358306,1,10.0,1.2
M-5-N-25-pa-0.05-pe-1.00,LinearSearch With Preprocessing and Reduced Qubits,5,10,0.05,zephyr,16,1.0,1.2,2.0,6.0,0.07627493850886817,1,10.0,1.2
M-5-N-25-pa-0.05-pe-1.00,LinearSearch With Reduced Qubits,5,10,0.05,zephyr,16,1.0,1.2,2.0,6.0,0.30919112779665714,4,10.0,1.2
M-5-N-25-pa-0.15-pe-1.00,BinSearch,5,10,0.15,zephyr,16,1.0,1.2,2.0,6.0,0.08472809826489533,1,10.0,1.2
M-5-N-25-pa-0.15-pe-1.00,LinearSearch,5,10,0.15,zephyr,16,1.0,1.2,2.0,6.0,0.311330165946856,4,10.0,1.2
M-5-N-25-pa-0.15-pe-1.00,LinearSearch With Preprocessing,5,10,0.15,zephyr,16,1.0,1.2,2.0,6.0,0.07629853521939364,1,10.0,1.2
M-5-N-25-pa-0.15-pe-1.00,LinearSearch With Preprocessing and Reduced Qubits,5,10,0.15,zephyr,16,1.0,1.2,2.0,6.0,0.07468580810818816,1,10.0,1.2
M-5-N-25-pa-0.15-pe-1.00,LinearSearch With Reduced Qubits,5,10,0.15,zephyr,16,1.0,1.2,2.0,6.0,0.31262405880261196,4,10.0,1.2
M-5-N-25-pa-0.25-pe-1.00,BinSearch,5,12,0.25,zephyr,16,1.0,1.2,2.0,6.0,0.09385651496704664,1,10.0,1.2
M-5-N-25-pa-0.25-pe-1.00,LinearSearch,5,12,0.25,zephyr,16,1.0,1.2,2.0,6.0,0.3115046139340846,4,10.0,1.2
M-5-N-25-pa-0.25-pe-1.00,LinearSearch With Preprocessing,5,12,0.25,zephyr,16,1.0,1.2,2.0,6.0,0.07623116567265237,1,10.0,1.2
M-5-N-25-pa-0.25-pe-1.00,LinearSearch With Preprocessing and Reduced Qubits,5,12,0.25,zephyr,16,1.0,1.2,2.0,6.0,0.08202947443351145,1,10.0,1.2
M-5-N-25-pa-0.25-pe-1.00,LinearSearch With Reduced Qubits,5,12,0.25,zephyr,16,1.0,1.2,2.0,6.0,0.3049861441133542,4,10.0,1.2
M-5-N-25-pa-0.35-pe-1.00,BinSearch,5,14,0.35,zephyr,16,1.0,1.2,2.0,6.0,0.07939019557088609,1,10.0,1.2
M-5-N-25-pa-0.35-pe-1.00,LinearSearch,5,14,0.35,zephyr,16,1.0,1.2,2.0,6.0,0.23012891977559763,3,10.0,1.2
M-5-N-25-pa-0.35-pe-1.00,LinearSearch With Preprocessing,5,14,0.35,zephyr,16,1.0,1.2,2.0,6.0,0.07746649943292136,1,10.0,1.2
M-5-N-25-pa-0.35-pe-1.00,LinearSearch With Preprocessing and Reduced Qubits,5,14,0.35,zephyr,16,1.0,1.2,2.0,6.0,0.0794508650898933,1,10.0,1.2
M-5-N-25-pa-0.35-pe-1.00,LinearSearch With Reduced Qubits,5,14,0.35,zephyr,16,1.0,1.2,2.0,6.0,0.22906407671980547,3,10.0,1.2
M-5-N-25-pa-0.45-pe-1.00,BinSearch,5,15,0.45,zephyr,16,1.0,1.1666666666666667,2.0,7.0,0.07878159664105618,1,10.0,1.1666666666666667
M-5-N-25-pa-0.45-pe-1.00,LinearSearch,5,15,0.45,zephyr,16,1.0,1.1666666666666667,2.0,7.0,0.24016226232051835,3,10.0,1.1666666666666667
M-5-N-25-pa-0.45-pe-1.00,LinearSearch With Preprocessing,5,15,0.45,zephyr,16,1.0,1.1666666666666667,2.0,7.0,0.07857994632795448,1,10.0,1.1666666666666667
M-5-N-25-pa-0.45-pe-1.00,LinearSearch With Preprocessing and Reduced Qubits,5,15,0.45,zephyr,16,1.0,1.1666666666666667,2.0,7.0,0.07958313447888936,1,10.0,1.1666666666666667
M-5-N-25-pa-0.45-pe-1.00,LinearSearch With Reduced Qubits,5,15,0.45,zephyr,16,1.0,1.1666666666666667,2.0,7.0,0.24096584857907133,3,10.0,1.1666666666666667
M-5-N-25-pa-0.55-pe-1.00,BinSearch,5,20,0.55,zephyr,16,1.0,1.1666666666666667,2.0,7.0,0.07840595452580595,1,10.0,1.1666666666666667
M-5-N-25-pa-0.55-pe-1.00,LinearSearch,5,20,0.55,zephyr,16,1.0,1.1666666666666667,2.0,7.0,0.24221095666289316,3,10.0,1.1666666666666667
M-5-N-25-pa-0.55-pe-1.00,LinearSearch With Preprocessing,5,20,0.55,zephyr,16,1.0,1.1666666666666667,2.0,7.0,0.07977093132212754,1,10.0,1.1666666666666667
M-5-N-25-pa-0.55-pe-1.00,LinearSearch With Preprocessing and Reduced Qubits,5,20,0.55,zephyr,16,1.0,1.1666666666666667,2.0,7.0,0.08005845530424263,1,10.0,1.1666666666666667
M-5-N-25-pa-0.55-pe-1.00,LinearSearch With Reduced Qubits,5,20,0.55,zephyr,16,1.0,1.1666666666666667,2.0,7.0,0.24279099418781686,3,10.0,1.1666666666666667
M-5-N-25-pa-0.65-pe-1.00,BinSearch,5,18,0.65,zephyr,16,1.0,1.157142857142857,2.0,8.1,0.084981254953891,1,10.0,1.1428571428571428
M-5-N-25-pa-0.65-pe-1.00,LinearSearch,5,18,0.65,zephyr,16,1.0,1.157142857142857,2.0,8.1,0.16893737888894966,2,10.0,1.1428571428571428
M-5-N-25-pa-0.65-pe-1.00,LinearSearch With Preprocessing,5,18,0.65,zephyr,16,1.0,1.157142857142857,2.0,8.1,0.08440633020363744,1,10.0,1.1428571428571428
M-5-N-25-pa-0.65-pe-1.00,LinearSearch With Preprocessing and Reduced Qubits,5,18,0.65,zephyr,16,1.0,1.157142857142857,2.0,8.1,0.08651835031341756,1,10.0,1.1428571428571428
M-5-N-25-pa-0.65-pe-1.00,LinearSearch With Reduced Qubits,5,18,0.65,zephyr,16,1.0,1.157142857142857,2.0,8.1,0.16604436070192596,2,10.0,1.1428571428571428
M-5-N-25-pa-0.75-pe-1.00,BinSearch,5,12,0.75,zephyr,16,1.0,1.2,2.0,12.0,0.1048699996899813,1,10.0,1.2
M-5-N-25-pa-0.75-pe-1.00,LinearSearch,5,12,0.75,zephyr,16,1.0,1.2,2.0,12.0,0.09715690673328932,1,10.0,1.2
M-5-N-25-pa-0.75-pe-1.00,LinearSearch With Preprocessing,5,12,0.75,zephyr,16,1.0,1.2,2.0,12.0,0.0953700203914195,1,10.0,1.2
M-5-N-25-pa-0.75-pe-1.00,LinearSearch With Preprocessing and Reduced Qubits,5,12,0.75,zephyr,16,1.0,1.2,2.0,12.0,0.09713659726548936,1,10.0,1.2
M-5-N-25-pa-0.75-pe-1.00,LinearSearch With Reduced Qubits,5,12,0.75,zephyr,16,1.0,1.2,2.0,12.0,0.09707279789727176,1,10.0,1.2
M-5-N-25-pa-0.85-pe-1.00,BinSearch,5,10,0.85,zephyr,16,1.0,1.29,2.0,12.9,0.11141092891339208,1,10.0,1.2
M-5-N-25-pa-0.85-pe-1.00,LinearSearch,5,10,0.85,zephyr,16,1.0,1.3,2.1,19.5,0.17632787029724567,1,10.0,1.2666666666666666
M-5-N-25-pa-0.85-pe-1.00,LinearSearch With Preprocessing,5,10,0.85,zephyr,16,1.0,1.3,2.1,19.5,0.17173700316343452,1,10.0,1.2666666666666666
M-5-N-25-pa-0.85-pe-1.00,LinearSearch With Preprocessing and Reduced Qubits,5,10,0.85,zephyr,16,1.0,1.29,2.0,12.9,0.11413848043885078,1,10.0,1.2
M-5-N-25-pa-0.85-pe-1.00,LinearSearch With Reduced Qubits,5,10,0.85,zephyr,16,1.0,1.29,2.0,12.9,0.10777229967061426,1,10.0,1.2
M-5-N-5-pa-0.05-pe-1.00,BinSearch,2,2,0.05,zephyr,16,1.0,1.0,1.0,2.0,0.06155336704105134,1,10.0,1.0
M-5-N-5-pa-0.05-pe-1.00,LinearSearch,2,2,0.05,zephyr,16,1.0,1.0,1.0,2.0,0.060563820204697506,1,10.0,1.0
M-5-N-5-pa-0.05-pe-1.00,LinearSearch With Preprocessing,2,2,0.05,zephyr,16,1.0,1.0,1.0,2.0,0.0627675245981663,1,10.0,1.0
M-5-N-5-pa-0.05-pe-1.00,LinearSearch With Preprocessing and Reduced Qubits,2,2,0.05,zephyr,16,1.0,1.0,1.0,2.0,0.06272353772073978,1,10.0,1.0
M-5-N-5-pa-0.05-pe-1.00,LinearSearch With Reduced Qubits,2,2,0.05,zephyr,16,1.0,1.0,1.0,2.0,0.06341055443044746,1,10.0,1.0
M-5-N-5-pa-0.15-pe-1.00,BinSearch,4,4,0.15,zephyr,16,1.0,1.0,1.0,4.0,0.06823186436668034,1,10.0,1.0
M-5-N-5-pa-0.15-pe-1.00,LinearSearch,4,4,0.15,zephyr,16,1.0,1.0,1.0,4.0,0.20604162875097232,3,10.0,1.0
M-5-N-5-pa-0.15-pe-1.00,LinearSearch With Preprocessing,4,4,0.15,zephyr,16,1.0,1.0,1.0,4.0,0.06836408041417595,1,10.0,1.0
M-5-N-5-pa-0.15-pe-1.00,LinearSearch With Preprocessing and Reduced Qubits,4,4,0.15,zephyr,16,1.0,1.0,1.0,4.0,0.06923930046614254,1,10.0,1.0
M-5-N-5-pa-0.15-pe-1.00,LinearSearch With Reduced Qubits,4,4,0.15,zephyr,16,1.0,1.0,1.0,4.0,0.20545848135370748,3,10.0,1.0
M-5-N-5-pa-0.25-pe-1.00,BinSearch,5,5,0.25,zephyr,16,1.0,1.1666666666666667,2.0,7.0,0.08169615841470654,1,10.0,1.1666666666666667
M-5-N-5-pa-0.25-pe-1.00,LinearSearch,5,5,0.25,zephyr,16,1.0,1.1666666666666667,2.0,7.0,0.24358176963869468,3,10.0,1.1666666666666667
M-5-N-5-pa-0.25-pe-1.00,LinearSearch With Preprocessing,5,5,0.25,zephyr,16,1.0,1.1666666666666667,2.0,7.0,0.07925198536831883,1,10.0,1.1666666666666667
M-5-N-5-pa-0.25-pe-1.00,LinearSearch With Preprocessing and Reduced Qubits,5,5,0.25,zephyr,16,1.0,1.1666666666666667,2.0,7.0,0.08348119996953753,1,10.0,1.1666666666666667
M-5-N-5-pa-0.25-pe-1.00,LinearSearch With Reduced Qubits,5,5,0.25,zephyr,16,1.0,1.1666666666666667,2.0,7.0,0.24199701002798962,3,10.0,1.1666666666666667
M-5-N-5-pa-0.35-pe-1.00,BinSearch,5,5,0.35,zephyr,16,1.0,1.2,2.0,6.0,0.07832270560320462,1,10.0,1.2
M-5-N-5-pa-0.35-pe-1.00,LinearSearch,5,5,0.35,zephyr,16,1.0,1.2,2.0,6.0,0.07777489472646261,1,10.0,1.2
M-5-N-5-pa-0.35-pe-1.00,LinearSearch With Preprocessing,5,5,0.35,zephyr,16,1.0,1.2,2.0,6.0,0.07745070368982848,1,10.0,1.2
M-5-N-5-pa-0.35-pe-1.00,LinearSearch With Preprocessing and Reduced Qubits,5,5,0.35,zephyr,16,1.0,1.2,2.0,6.0,0.07529611969366667,1,10.0,1.2
M-5-N-5-pa-0.35-pe-1.00,LinearSearch With Reduced Qubits,5,5,0.35,zephyr,16,1.0,1.2,2.0,6.0,0.07697354808915403,1,10.0,1.2
M-5-N-5-pa-0.45-pe-1.00,BinSearch,4,4,0.45,zephyr,16,1.0,1.06,1.3,5.3,0.07251835011411453,1,10.0,1.0
M-5-N-5-pa-0.45-pe-1.00,LinearSearch,4,4,0.45,zephyr,16,1.0,1.06,1.3,5.3,0.0722079022787511,1,10.0,1.0
M-5-N-5-pa-0.45-pe-1.00,LinearSearch With Preprocessing,4,4,0.45,zephyr,16,1.0,1.06,1.3,5.3,0.07048374873120335,1,10.0,1.0
M-5-N-5-pa-0.45-pe-1.00,LinearSearch With Preprocessing and Reduced Qubits,4,4,0.45,zephyr,16,1.0,1.06,1.3,5.3,0.07222574842162426,1,10.0,1.0
M-5-N-5-pa-0.45-pe-1.00,LinearSearch With Reduced Qubits,4,4,0.45,zephyr,16,1.0,1.06,1.3,5.3,0.07506189248524603,1,10.0,1.0
M-5-N-50-pa-0.05-pe-1.00,BinSearch,5,8,0.05,zephyr,16,1.0,1.2,2.0,6.0,0.08071367207448925,1,10.0,1.2
M-5-N-50-pa-0.05-pe-1.00,LinearSearch,5,8,0.05,zephyr,16,1.0,1.2,2.0,6.0,0.3080291905673219,4,10.0,1.2
M-5-N-50-pa-0.05-pe-1.00,LinearSearch With Preprocessing,5,8,0.05,zephyr,16,1.0,1.2,2.0,6.0,0.07586388390045606,1,10.0,1.2
M-5-N-50-pa-0.05-pe-1.00,LinearSearch With Preprocessing and Reduced Qubits,5,8,0.05,zephyr,16,1.0,1.2,2.0,6.0,0.07838777510914949,1,10.0,1.2
M-5-N-50-pa-0.05-pe-1.00,LinearSearch With Reduced Qubits,5,8,0.05,zephyr,16,1.0,1.2,2.0,6.0,0.3098220746032892,4,10.0,1.2
M-5-N-50-pa-0.15-pe-1.00,BinSearch,5,16,0.15,zephyr,16,1.0,1.2,2.0,6.0,0.07689800004009152,1,10.0,1.2
M-5-N-50-pa-0.15-pe-1.00,LinearSearch,5,16,0.15,zephyr,16,1.0,1.2,2.0,6.0,0.30547797775361674,4,10.0,1.2
M-5-N-50-pa-0.15-pe-1.00,LinearSearch With Preprocessing,5,16,0.15,zephyr,16,1.0,1.2,2.0,6.0,0.07768589761108155,1,10.0,1.2
M-5-N-50-pa-0.15-pe-1.00,LinearSearch With Preprocessing and Reduced Qubits,5,16,0.15,zephyr,16,1.0,1.2,2.0,6.0,0.07798477842006828,1,10.0,1.2
M-5-N-50-pa-0.15-pe-1.00,LinearSearch With Reduced Qubits,5,16,0.15,zephyr,16,1.0,1.2,2.0,6.0,0.3105982986046,4,10.0,1.2
M-5-N-50-pa-0.25-pe-1.00,BinSearch,5,19,0.25,zephyr,16,1.0,1.2,2.0,6.0,0.07733461624011394,1,10.0,1.2
M-5-N-50-pa-0.25-pe-1.00,LinearSearch,5,19,0.25,zephyr,16,1.0,1.2,2.0,6.0,0.3058266814565284,4,10.0,1.2
M-5-N-50-pa-0.25-pe-1.00,LinearSearch With Preprocessing,5,19,0.25,zephyr,16,1.0,1.2,2.0,6.0,0.0773376725846901,1,10.0,1.2
M-5-N-50-pa-0.25-pe-1.00,LinearSearch With Preprocessing and Reduced Qubits,5,19,0.25,zephyr,16,1.0,1.2,2.0,6.0,0.0776742656016722,1,10.0,1.2
M-5-N-50-pa-0.25-pe-1.00,LinearSearch With Reduced Qubits,5,19,0.25,zephyr,16,1.0,1.2,2.0,6.0,0.3099498177412896,4,10.0,1.2
M-5-N-50-pa-0.35-pe-1.00,BinSearch,5,22,0.35,zephyr,16,1.0,1.2,2.0,6.0,0.07659876672551033,1,10.0,1.2
M-5-N-50-pa-0.35-pe-1.00,LinearSearch,5,22,0.35,zephyr,16,1.0,1.2,2.0,6.0,0.3114791256142779,4,10.0,1.2
M-5-N-50-pa-0.35-pe-1.00,LinearSearch With Preprocessing,5,22,0.35,zephyr,16,1.0,1.2,2.0,6.0,0.07871096157468851,1,10.0,1.2
M-5-N-50-pa-0.35-pe-1.00,LinearSearch With Preprocessing and Reduced Qubits,5,22,0.35,zephyr,16,1.0,1.2,2.0,6.0,0.07668548338115211,1,10.0,1.2
M-5-N-50-pa-0.35-pe-1.00,LinearSearch With Reduced Qubits,5,22,0.35,zephyr,16,1.0,1.2,2.0,6.0,0.30724411706905796,4,10.0,1.2
M-5-N-50-pa-0.45-pe-1.00,BinSearch,5,29,0.45,zephyr,16,1.0,1.2,2.0,6.0,0.07824564552865917,1,10.0,1.2
M-5-N-50-pa-0.45-pe-1.00,LinearSearch,5,29,0.45,zephyr,16,1.0,1.2,2.0,6.0,0.3037056088447569,4,10.0,1.2
M-5-N-50-pa-0.45-pe-1.00,LinearSearch With Preprocessing,5,29,0.45,zephyr,16,1.0,1.2,2.0,6.0,0.07561338371597227,1,10.0,1.2
M-5-N-50-pa-0.45-pe-1.00,LinearSearch With Preprocessing and Reduced Qubits,5,29,0.45,zephyr,16,1.0,1.2,2.0,6.0,0.07749599944800135,1,10.0,1.2
M-5-N-50-pa-0.45-pe-1.00,LinearSearch With Reduced Qubits,5,29,0.45,zephyr,16,1.0,1.2,2.0,6.0,0.3122323246207086,4,10.0,1.2
M-5-N-50-pa-0.55-pe-1.00,BinSearch,5,24,0.55,zephyr,16,1.0,1.2,2.0,6.0,0.0810612478293478,1,10.0,1.2
M-5-N-50-pa-0.55-pe-1.00,LinearSearch,5,24,0.55,zephyr,16,1.0,1.2,2.0,6.0,0.2364411869551985,3,10.0,1.2
M-5-N-50-pa-0.55-pe-1.00,LinearSearch With Preprocessing,5,24,0.55,zephyr,16,1.0,1.2,2.0,6.0,0.076059385552071,1,10.0,1.2
M-5-N-50-pa-0.55-pe-1.00,LinearSearch With Preprocessing and Reduced Qubits,5,24,0.55,zephyr,16,1.0,1.2,2.0,6.0,0.07657364245969797,1,10.0,1.2
M-5-N-50-pa-0.55-pe-1.00,LinearSearch With Reduced Qubits,5,24,0.55,zephyr,16,1.0,1.2,2.0,6.0,0.22883171527646468,3,10.0,1.2
M-5-N-50-pa-0.65-pe-1.00,BinSearch,5,23,0.65,zephyr,16,1.0,1.2,2.0,6.0,0.074977940111421,1,10.0,1.2
M-5-N-50-pa-0.65-pe-1.00,LinearSearch,5,23,0.65,zephyr,16,1.0,1.2,2.0,6.0,0.1535295860609039,2,10.0,1.2
M-5-N-50-pa-0.65-pe-1.00,LinearSearch With Preprocessing,5,23,0.65,zephyr,16,1.0,1.2,2.0,6.0,0.07491862175520504,1,10.0,1.2
M-5-N-50-pa-0.65-pe-1.00,LinearSearch With Preprocessing and Reduced Qubits,5,23,0.65,zephyr,16,1.0,1.2,2.0,6.0,0.08342950567603105,1,10.0,1.2
M-5-N-50-pa-0.65-pe-1.00,LinearSearch With Reduced Qubits,5,23,0.65,zephyr,16,1.0,1.2,2.0,6.0,0.1523305673617869,2,10.0,1.2
M-5-N-50-pa-0.75-pe-1.00,BinSearch,5,14,0.75,zephyr,16,1.0,1.2,2.0,9.6,0.09093248830176885,1,10.0,1.125
M-5-N-50-pa-0.75-pe-1.00,LinearSearch,5,14,0.75,zephyr,16,1.0,1.2,2.0,9.6,0.0920725857606157,1,10.0,1.125
M-5-N-50-pa-0.75-pe-1.00,LinearSearch With Preprocessing,5,14,0.75,zephyr,16,1.0,1.2,2.0,9.6,0.08783284681849178,1,10.0,1.125
M-5-N-50-pa-0.75-pe-1.00,LinearSearch With Preprocessing and Reduced Qubits,5,14,0.75,zephyr,16,1.0,1.2,2.0,9.6,0.08766400367021557,1,10.0,1.125
M-5-N-50-pa-0.75-pe-1.00,LinearSearch With Reduced Qubits,5,14,0.75,zephyr,16,1.0,1.2,2.0,9.6,0.08721160611603405,1,10.0,1.125
M-5-N-50-pa-0.85-pe-1.00,BinSearch,5,13,0.85,zephyr,16,1.0,1.2333333333333334,2.0,11.1,0.09621288927737617,1,10.0,1.2222222222222223
M-5-N-50-pa-0.85-pe-1.00,LinearSearch,5,13,0.85,zephyr,16,1.0,1.2363636363636366,2.0,13.6,0.11410740395076568,1,10.0,1.181818181818182
M-5-N-50-pa-0.85-pe-1.00,LinearSearch With Preprocessing,5,13,0.85,zephyr,16,1.0,1.2363636363636366,2.0,13.6,0.11179103776812549,1,10.0,1.181818181818182
M-5-N-50-pa-0.85-pe-1.00,LinearSearch With Preprocessing and Reduced Qubits,5,13,0.85,zephyr,16,1.0,1.2333333333333334,2.0,11.1,0.09598227229434993,1,10.0,1.2222222222222223
M-5-N-50-pa-0.85-pe-1.00,LinearSearch With Reduced Qubits,5,13,0.85,zephyr,16,1.0,1.2333333333333334,2.0,11.1,0.09805559772066769,1,10.0,1.2222222222222223
M-5-N-50-pa-0.95-pe-1.00,BinSearch,5,7,0.95,zephyr,16,1.0,1.3333333333333333,2.0,12.0,0.10689193252474065,1,10.0,1.3333333333333333
M-5-N-50-pa-0.95-pe-1.00,LinearSearch,5,7,0.95,zephyr,16,1.0,1.3384615384615386,2.0,17.4,0.14935421715490518,1,10.0,1.3076923076923077
M-5-N-50-pa-0.95-pe-1.00,LinearSearch With Preprocessing,5,7,0.95,zephyr,16,1.0,1.3384615384615386,2.0,17.4,0.14847275917418298,1,10.0,1.3076923076923077
M-5-N-50-pa-0.95-pe-1.00,LinearSearch With Preprocessing and Reduced Qubits,5,7,0.95,zephyr,16,1.0,1.3333333333333333,2.0,12.0,0.10617346055805679,1,10.0,1.3333333333333333
M-5-N-50-pa-0.95-pe-1.00,LinearSearch With Reduced Qubits,5,7,0.95,zephyr,16,1.0,1.3333333333333333,2.0,12.0,0.10851615092251443,1,10.0,1.3333333333333333
M-50-N-10-pa-0.05-pe-1.00,BinSearch,21,10,0.05,zephyr,16,1.0,2.172727272727273,3.0,71.7,1.6111998825799674,1,10.0,2.090909090909091
M-50-N-10-pa-0.05-pe-1.00,LinearSearch,21,10,0.05,zephyr,16,1.0,2.172727272727273,3.0,71.7,10.226186158601195,7,10.0,2.090909090909091
M-50-N-10-pa-0.05-pe-1.00,LinearSearch With Preprocessing,21,10,0.05,zephyr,16,1.0,2.172727272727273,3.0,71.7,1.4826709683053196,1,10.0,2.090909090909091
M-50-N-10-pa-0.05-pe-1.00,LinearSearch With Preprocessing and Reduced Qubits,21,10,0.05,zephyr,16,1.0,2.172727272727273,3.0,71.7,1.4036295003723354,1,10.0,2.090909090909091
M-50-N-10-pa-0.05-pe-1.00,LinearSearch With Reduced Qubits,21,10,0.05,zephyr,16,1.0,2.176113172541744,3.0,70.24285714285715,9.73345846615266,7,10.0,2.098330241187384
M-50-N-10-pa-0.15-pe-1.00,BinSearch,39,10,0.15,zephyr,16,1.0,4.361016949152543,7.0,257.3,28.073534770822153,2,10.0,3.9322033898305087
M-50-N-10-pa-0.15-pe-1.00,LinearSearch,39,10,0.15,zephyr,16,1.0,4.290952380952381,7.400000000000001,300.3666666666667,58.34195591683965,3,10.0,3.8666666666666667
M-50-N-10-pa-0.15-pe-1.00,LinearSearch With Preprocessing,39,10,0.15,zephyr,16,1.0,4.292857142857143,7.4,300.5,38.57891645906493,2,10.0,3.8857142857142857
M-50-N-10-pa-0.15-pe-1.00,LinearSearch With Preprocessing and Reduced Qubits,39,10,0.15,zephyr,16,1.0,4.361016949152543,7.0,257.3,27.76781270881183,2,10.0,3.9322033898305087
M-50-N-10-pa-0.15-pe-1.00,LinearSearch With Reduced Qubits,39,10,0.15,zephyr,16,1.0,4.299181367462239,6.733333333333333,239.73333333333335,36.87606198748108,3,10.0,3.947999538798571
M-50-N-10-pa-0.25-pe-1.00,BinSearch,47,10,0.25,zephyr,16,1.0,5.429706729510343,8.0,337.15,40.269480621302506,2,10.0,5.101859125425504
M-50-N-10-pa-0.25-pe-1.00,LinearSearch,47,10,0.25,zephyr,16,1.0,6.033333333333333,11.5,524.9,59.62438723009545,2,10.0,5.436781609195402
M-50-N-10-pa-0.25-pe-1.00,LinearSearch With Preprocessing,47,10,0.25,zephyr,16,1.0,6.025287356321838,11.5,524.2,59.47872298436705,2,10.0,5.436781609195402
M-50-N-10-pa-0.25-pe-1.00,LinearSearch With Preprocessing and Reduced Qubits,47,10,0.25,zephyr,16,1.0,5.429706729510343,8.0,337.15,40.25283236913383,2,10.0,5.101859125425504
M-50-N-10-pa-0.25-pe-1.00,LinearSearch With Reduced Qubits,47,10,0.25,zephyr,16,1.0,5.429706729510343,8.0,337.15,40.7266210667789,2,10.0,5.101859125425504
M-50-N-10-pa-0.35-pe-1.00,BinSearch,49,10,0.35,zephyr,16,1.0,5.633898305084746,8.1,332.4,24.469011578592472,1,10.0,5.322033898305085
M-50-N-10-pa-0.35-pe-1.00,LinearSearch,49,10,0.35,zephyr,16,1.0,7.225531914893617,13.6,679.2,31.058986173616724,1,10.0,6.73404255319149
M-50-N-10-pa-0.35-pe-1.00,LinearSearch With Preprocessing,49,10,0.35,zephyr,16,1.0,7.225531914893617,13.6,679.2,30.821627966081724,1,10.0,6.73404255319149
M-50-N-10-pa-0.35-pe-1.00,LinearSearch With Preprocessing and Reduced Qubits,49,10,0.35,zephyr,16,1.0,5.633898305084746,8.1,332.4,24.061636021430605,1,10.0,5.322033898305085
M-50-N-10-pa-0.35-pe-1.00,LinearSearch With Reduced Qubits,49,10,0.35,zephyr,16,1.0,5.633898305084746,8.1,332.4,24.04348189018201,1,10.0,5.322033898305085
M-50-N-10-pa-0.45-pe-1.00,BinSearch,50,10,0.45,zephyr,16,1.0,6.01,8.7,360.6,25.2752770006191,1,10.0,5.8
M-50-N-10-pa-0.45-pe-1.00,LinearSearch,50,10,0.45,zephyr,16,1.0,8.774000000000001,16.3,877.4,31.778194267931394,1,10.0,7.98
M-50-N-10-pa-0.45-pe-1.00,LinearSearch With Preprocessing,50,10,0.45,zephyr,16,1.0,8.774000000000001,16.3,877.4,31.586695225094445,1,10.0,7.98
M-50-N-10-pa-0.45-pe-1.00,LinearSearch With Preprocessing and Reduced Qubits,50,10,0.45,zephyr,16,1.0,6.01,8.7,360.6,25.343421065201984,1,10.0,5.8
M-50-N-10-pa-0.45-pe-1.00,LinearSearch With Reduced Qubits,50,10,0.45,zephyr,16,1.0,6.01,8.7,360.6,25.360685978224502,1,10.0,5.8
M-50-N-10-pa-0.55-pe-1.00,BinSearch,50,10,0.55,zephyr,16,1.0,6.113333333333333,8.9,366.8,20.286199291888625,1,10.0,5.466666666666667
M-50-N-10-pa-0.55-pe-1.00,LinearSearch,50,10,0.55,zephyr,16,1.0,9.291089108910892,17.8,938.4,32.01292720939964,1,10.0,7.910891089108911
M-50-N-10-pa-0.55-pe-1.00,LinearSearch With Preprocessing,50,10,0.55,zephyr,16,1.0,9.260396039603961,17.8,935.3,32.175614284188484,1,10.0,7.920792079207921
M-50-N-10-pa-0.55-pe-1.00,LinearSearch With Preprocessing and Reduced Qubits,50,10,0.55,zephyr,16,1.0,6.113333333333333,8.9,366.8,20.261258413619363,1,10.0,5.466666666666667
M-50-N-10-pa-0.55-pe-1.00,LinearSearch With Reduced Qubits,50,10,0.55,zephyr,16,1.0,6.113333333333333,8.9,366.8,20.22298844328616,1,10.0,5.466666666666667
M-50-N-10-pa-0.65-pe-1.00,BinSearch,50,10,0.65,zephyr,16,1.0,6.066666666666666,9.1,364.0,23.084869353123942,1,10.0,5.55
M-50-N-10-pa-0.65-pe-1.00,LinearSearch,50,10,0.65,zephyr,16,1.0,10.260952380952382,20.5,1077.4,31.311429681349544,1,10.0,9.314285714285717
M-50-N-10-pa-0.65-pe-1.00,LinearSearch With Preprocessing,50,10,0.65,zephyr,16,1.0,10.214285714285715,20.3,1072.5,31.08398914972786,1,10.0,9.028571428571428
M-50-N-10-pa-0.65-pe-1.00,LinearSearch With Preprocessing and Reduced Qubits,50,10,0.65,zephyr,16,1.0,6.066666666666666,9.1,364.0,22.62101860838011,1,10.0,5.55
M-50-N-10-pa-0.65-pe-1.00,LinearSearch With Reduced Qubits,50,10,0.65,zephyr,16,1.0,6.066666666666666,9.1,364.0,22.813174975733272,1,10.0,5.55
M-50-N-25-pa-0.05-pe-1.00,BinSearch,41,25,0.05,zephyr,16,1.0,3.8661764705882353,7.1,262.9,13.983087484538554,1,10.0,3.588235294117647
M-50-N-25-pa-0.05-pe-1.00,LinearSearch,41,25,0.05,zephyr,16,1.0,3.8661764705882353,7.1,262.9,140.58170367700512,10,10.0,3.588235294117647
M-50-N-25-pa-0.05-pe-1.00,LinearSearch With Preprocessing,41,25,0.05,zephyr,16,1.0,3.8661764705882353,7.1,262.9,13.991725219902582,1,10.0,3.588235294117647
M-50-N-25-pa-0.05-pe-1.00,LinearSearch With Preprocessing and Reduced Qubits,41,25,0.05,zephyr,16,1.0,3.8661764705882353,7.1,262.9,14.15645942769479,1,10.0,3.588235294117647
M-50-N-25-pa-0.05-pe-1.00,LinearSearch With Reduced Qubits,41,25,0.05,zephyr,16,1.0,3.8625178613955704,6.989999999999999,256.05,135.8274534167489,10,10.0,3.5830467571644045
M-50-N-25-pa-0.15-pe-1.00,BinSearch,50,25,0.15,zephyr,16,1.0,6.357627118644068,14.3,750.2,62.648619453934955,2,10.0,5.88135593220339
M-50-N-25-pa-0.15-pe-1.00,LinearSearch,50,25,0.15,zephyr,16,1.0,6.657874015748032,16.3,845.5500000000001,188.0199387321947,6,10.0,6.133858267716536
M-50-N-25-pa-0.15-pe-1.00,LinearSearch With Preprocessing,50,25,0.15,zephyr,16,1.0,6.671916010498688,16.333333333333332,847.3333333333334,94.45748485885561,3,10.0,6.133858267716536
M-50-N-25-pa-0.15-pe-1.00,LinearSearch With Preprocessing and Reduced Qubits,50,25,0.15,zephyr,16,1.0,6.359322033898305,14.300000000000002,750.4,94.3263386233244,3,10.0,5.88135593220339
M-50-N-25-pa-0.15-pe-1.00,LinearSearch With Reduced Qubits,50,25,0.15,zephyr,16,1.0,6.113568904428469,12.533333333333333,640.75,177.81213475703262,6,10.0,5.619846930984946
M-50-N-25-pa-0.25-pe-1.00,BinSearch,50,25,0.25,zephyr,16,1.0,6.788499999999999,12.25,678.8499999999999,61.89970538336784,2,10.0,6.27
M-50-N-25-pa-0.25-pe-1.00,LinearSearch,50,25,0.25,zephyr,16,1.0,10.123489932885906,29.0,1508.4000000000003,95.70162226941903,3,10.0,9.06711409395973
M-50-N-25-pa-0.25-pe-1.00,LinearSearch With Preprocessing,50,25,0.25,zephyr,16,1.0,10.123489932885906,29.0,1508.4,63.98517142904457,2,10.0,9.06711409395973
M-50-N-25-pa-0.25-pe-1.00,LinearSearch With Preprocessing and Reduced Qubits,50,25,0.25,zephyr,16,1.0,6.7835,12.25,678.3499999999999,62.03091340055689,2,10.0,6.27
M-50-N-25-pa-0.25-pe-1.00,LinearSearch With Reduced Qubits,50,25,0.25,zephyr,16,1.0,6.509555555555555,11.333333333333334,601.1333333333333,87.14985960526391,3,10.0,6.051111111111111
M-50-N-25-pa-0.35-pe-1.00,BinSearch,50,25,0.35,zephyr,16,1.0,7.073,11.899999999999999,629.65,62.33827468266245,2,10.0,6.511666666666667
M-50-N-25-pa-0.35-pe-1.00,LinearSearch,50,25,0.35,zephyr,16,1.0,12.83323353293413,37.85,2143.15,67.94134772112594,2,10.0,11.407185628742514
M-50-N-25-pa-0.35-pe-1.00,LinearSearch With Preprocessing,50,25,0.35,zephyr,16,1.0,12.779041916167664,37.900000000000006,2134.1,67.89529218352399,2,10.0,11.407185628742514
M-50-N-25-pa-0.35-pe-1.00,LinearSearch With Preprocessing and Reduced Qubits,50,25,0.35,zephyr,16,1.0,7.077166666666667,11.85,630.3,62.22017817599699,2,10.0,6.511666666666667
M-50-N-25-pa-0.35-pe-1.00,LinearSearch With Reduced Qubits,50,25,0.35,zephyr,16,1.0,7.0521666666666665,11.9,627.8,62.24767921604216,2,10.0,6.511666666666667
M-50-N-25-pa-0.45-pe-1.00,BinSearch,50,25,0.45,zephyr,16,1.0,7.628333333333334,13.399999999999999,680.75,60.78519389564171,2,10.0,6.83
M-50-N-25-pa-0.45-pe-1.00,LinearSearch,50,25,0.45,zephyr,16,1.0,14.727142857142857,43.65,2577.25,70.82268710238858,2,10.0,12.348571428571429
M-50-N-25-pa-0.45-pe-1.00,LinearSearch With Preprocessing,50,25,0.45,zephyr,16,1.0,14.727142857142857,43.65,2577.25,71.26960521163419,2,10.0,12.348571428571429
M-50-N-25-pa-0.45-pe-1.00,LinearSearch With Preprocessing and Reduced Qubits,50,25,0.45,zephyr,16,1.0,7.628333333333334,13.399999999999999,680.75,61.06454036978539,2,10.0,6.83
M-50-N-25-pa-0.45-pe-1.00,LinearSearch With Reduced Qubits,50,25,0.45,zephyr,16,1.0,7.6075,13.399999999999999,678.8499999999999,61.459894008329144,2,10.0,6.83
M-50-N-25-pa-0.55-pe-1.00,BinSearch,50,25,0.55,zephyr,16,1.0,6.601333333333334,10.6,495.1,30.77525716321543,1,10.0,5.986666666666666
M-50-N-25-pa-0.55-pe-1.00,LinearSearch,50,25,0.55,zephyr,16,1.0,14.817415730337078,42.0,2637.5,36.12644345711451,1,10.0,13.668539325842696
M-50-N-25-pa-0.55-pe-1.00,LinearSearch With Preprocessing,50,25,0.55,zephyr,16,1.0,14.817415730337078,42.0,2637.5,36.43339084612671,1,10.0,13.668539325842696
M-50-N-25-pa-0.55-pe-1.00,LinearSearch With Preprocessing and Reduced Qubits,50,25,0.55,zephyr,16,1.0,6.601333333333334,10.6,495.1,30.613755490072073,1,10.0,5.986666666666666
M-50-N-25-pa-0.55-pe-1.00,LinearSearch With Reduced Qubits,50,25,0.55,zephyr,16,1.0,6.601333333333334,10.6,495.1,30.663745042565278,1,10.0,5.986666666666666
M-50-N-25-pa-0.65-pe-1.00,BinSearch,50,25,0.65,zephyr,16,1.0,6.684,10.5,501.3,29.71126433040481,1,10.0,6.466666666666667
M-50-N-25-pa-0.65-pe-1.00,LinearSearch,50,25,0.65,zephyr,16,1.0,16.290860215053762,50.9,3030.1,36.23617558311671,1,10.0,14.06989247311828
M-50-N-25-pa-0.65-pe-1.00,LinearSearch With Preprocessing,50,25,0.65,zephyr,16,1.0,16.290860215053762,50.9,3030.1,35.969739632005805,1,10.0,14.06989247311828
M-50-N-25-pa-0.65-pe-1.00,LinearSearch With Preprocessing and Reduced Qubits,50,25,0.65,zephyr,16,1.0,6.704000000000001,10.5,502.8,29.82568124427926,1,10.0,6.466666666666667
M-50-N-25-pa-0.65-pe-1.00,LinearSearch With Reduced Qubits,50,25,0.65,zephyr,16,1.0,6.684,10.5,501.3,29.604798175767066,1,10.0,6.466666666666667
M-50-N-25-pa-0.75-pe-1.00,BinSearch,50,25,0.75,zephyr,16,1.0,7.002666666666667,11.3,525.2,30.606936568720265,1,10.0,6.133333333333334
M-50-N-25-pa-0.75-pe-1.00,LinearSearch,50,25,0.75,zephyr,16,0.8,17.944095477386934,62.375,3570.875,39.85225552832708,1,10.0,15.206030150753769
M-50-N-25-pa-0.75-pe-1.00,LinearSearch With Preprocessing,50,25,0.75,zephyr,16,0.8,17.944095477386934,62.375,3570.875,39.73976312985178,1,10.0,15.206030150753769
M-50-N-25-pa-0.75-pe-1.00,LinearSearch With Preprocessing and Reduced Qubits,50,25,0.75,zephyr,16,1.0,7.0040000000000004,11.3,525.3,30.69278503428213,1,10.0,6.133333333333334
M-50-N-25-pa-0.75-pe-1.00,LinearSearch With Reduced Qubits,50,25,0.75,zephyr,16,1.0,7.0040000000000004,11.3,525.3,30.435801918176004,1,10.0,6.133333333333334
M-50-N-5-pa-0.05-pe-1.00,BinSearch,15,5,0.05,zephyr,16,1.0,1.9318181818181817,3.0,42.5,0.5689096454763785,1,10.0,1.8636363636363635
M-50-N-5-pa-0.05-pe-1.00,LinearSearch,15,5,0.05,zephyr,16,1.0,1.95,3.0,46.8,1.470304127712734,2,10.0,1.8333333333333333
M-50-N-5-pa-0.05-pe-1.00,LinearSearch With Preprocessing,15,5,0.05,zephyr,16,1.0,1.95,3.0,46.8,0.6419915737584233,1,10.0,1.8333333333333333
M-50-N-5-pa-0.05-pe-1.00,LinearSearch With Preprocessing and Reduced Qubits,15,5,0.05,zephyr,16,1.0,1.9318181818181817,3.0,42.5,0.5364396203774959,1,10.0,1.8636363636363635
M-50-N-5-pa-0.05-pe-1.00,LinearSearch With Reduced Qubits,15,5,0.05,zephyr,16,1.0,1.8948564593301434,3.0,38.9,1.0201044485438615,2,10.0,1.852870813397129
M-50-N-5-pa-0.15-pe-1.00,BinSearch,34,5,0.15,zephyr,16,1.0,3.825,5.9,168.3,6.906660116021522,1,10.0,3.4318181818181817
M-50-N-5-pa-0.15-pe-1.00,LinearSearch,34,5,0.15,zephyr,16,1.0,3.7520000000000002,6.0,187.6,16.119246074580587,2,10.0,3.4
M-50-N-5-pa-0.15-pe-1.00,LinearSearch With Preprocessing,34,5,0.15,zephyr,16,1.0,3.7520000000000002,6.0,187.6,8.10150513087865,1,10.0,3.4
M-50-N-5-pa-0.15-pe-1.00,LinearSearch With Preprocessing and Reduced Qubits,34,5,0.15,zephyr,16,1.0,3.825,5.9,168.3,6.817469441262074,1,10.0,3.4318181818181817
M-50-N-5-pa-0.15-pe-1.00,LinearSearch With Reduced Qubits,34,5,0.15,zephyr,16,1.0,3.8009615384615385,5.7,157.8,11.776513168308885,2,10.0,3.5236013986013988
M-50-N-5-pa-0.25-pe-1.00,BinSearch,39,5,0.25,zephyr,16,1.0,4.4409090909090905,6.3,195.4,10.850468911090866,1,10.0,3.9318181818181817
M-50-N-5-pa-0.25-pe-1.00,LinearSearch,39,5,0.25,zephyr,16,1.0,4.845000000000001,7.7,290.7,15.12699678700883,1,10.0,4.683333333333334
M-50-N-5-pa-0.25-pe-1.00,LinearSearch With Preprocessing,39,5,0.25,zephyr,16,1.0,4.845000000000001,7.7,290.7,15.362769745034166,1,10.0,4.683333333333334
M-50-N-5-pa-0.25-pe-1.00,LinearSearch With Preprocessing and Reduced Qubits,39,5,0.25,zephyr,16,1.0,4.4409090909090905,6.3,195.4,10.830297578428873,1,10.0,3.9318181818181817
M-50-N-5-pa-0.25-pe-1.00,LinearSearch With Reduced Qubits,39,5,0.25,zephyr,16,1.0,4.4409090909090905,6.3,195.4,10.795116236014291,1,10.0,3.9318181818181817
M-50-N-50-pa-0.05-pe-1.00,BinSearch,45,48,0.05,zephyr,16,1.0,4.008108108108108,7.8,296.6,17.541739756637252,1,10.0,3.6486486486486487
M-50-N-50-pa-0.05-pe-1.00,LinearSearch,45,48,0.05,zephyr,16,1.0,4.008108108108108,7.8,296.6,337.9594931664178,19,10.0,3.6486486486486487
M-50-N-50-pa-0.05-pe-1.00,LinearSearch With Preprocessing,45,48,0.05,zephyr,16,1.0,4.008108108108108,7.8,296.6,18.605669197882527,1,10.0,3.6486486486486487
M-50-N-50-pa-0.05-pe-1.00,LinearSearch With Preprocessing and Reduced Qubits,45,48,0.05,zephyr,16,1.0,4.008108108108108,7.8,296.6,18.59812138536945,1,10.0,3.6486486486486487
M-50-N-50-pa-0.05-pe-1.00,LinearSearch With Reduced Qubits,45,48,0.05,zephyr,16,1.0,4.018020244984918,7.752631578947367,294.5052631578948,333.4923531444045,19,10.0,3.663063619804788
M-50-N-50-pa-0.15-pe-1.00,BinSearch,50,50,0.15,zephyr,16,1.0,8.15174824008274,31.46666666666667,1615.0333333333335,100.9221417625202,3,10.0,7.522169952957661
M-50-N-50-pa-0.15-pe-1.00,LinearSearch,50,50,0.15,zephyr,16,1.0,8.36104368932039,34.3625,1722.375,266.5375596875325,8,10.0,7.574029126213592
M-50-N-50-pa-0.15-pe-1.00,LinearSearch With Preprocessing,50,50,0.15,zephyr,16,1.0,8.375825242718447,34.6,1725.42,166.80762415048667,5,10.0,7.622330097087378
M-50-N-50-pa-0.15-pe-1.00,LinearSearch With Preprocessing and Reduced Qubits,50,50,0.15,zephyr,16,1.0,8.150360324291864,31.04,1601.6200000000001,166.75375468253623,5,10.0,7.448653788409568
M-50-N-50-pa-0.15-pe-1.00,LinearSearch With Reduced Qubits,50,50,0.15,zephyr,16,1.0,7.578786816468154,25.9375,1337.5875,262.2272407977842,8,10.0,6.869142436526206
M-50-N-50-pa-0.25-pe-1.00,BinSearch,50,50,0.25,zephyr,16,1.0,10.81611111111111,36.43333333333334,1996.6333333333334,102.09996915948577,3,10.0,9.989444444444445
M-50-N-50-pa-0.25-pe-1.00,LinearSearch,50,50,0.25,zephyr,16,1.0,11.76744939271255,52.120000000000005,2906.56,180.48893352989109,5,10.0,11.133603238866396
M-50-N-50-pa-0.25-pe-1.00,LinearSearch With Preprocessing,50,50,0.25,zephyr,16,1.0,11.70506072874494,51.95,2891.1499999999996,140.63429003776983,4,10.0,11.133603238866396
M-50-N-50-pa-0.25-pe-1.00,LinearSearch With Preprocessing and Reduced Qubits,50,50,0.25,zephyr,16,1.0,10.620541666666666,34.2,1872.6,134.41761539694852,4,10.0,9.920833333333333
M-50-N-50-pa-0.25-pe-1.00,LinearSearch With Reduced Qubits,50,50,0.25,zephyr,16,1.0,9.865066666666667,29.9,1636.0,163.2937586640939,5,10.0,9.120000000000001
M-50-N-50-pa-0.35-pe-1.00,BinSearch,50,50,0.35,zephyr,16,1.0,11.5,30.05,1725.0,65.36695531085132,2,10.0,10.31
M-50-N-50-pa-0.35-pe-1.00,LinearSearch,50,50,0.35,zephyr,16,0.9,15.48664343786295,74.88888888888889,4444.666666666667,116.3951943262713,3,10.0,14.121951219512193
M-50-N-50-pa-0.35-pe-1.00,LinearSearch With Preprocessing,50,50,0.35,zephyr,16,0.9,15.48664343786295,74.88888888888889,4444.666666666667,116.61739590540529,3,10.0,14.121951219512193
M-50-N-50-pa-0.35-pe-1.00,LinearSearch With Preprocessing and Reduced Qubits,50,50,0.35,zephyr,16,1.0,10.164555555555555,24.733333333333334,1399.6333333333332,96.72752133808098,3,10.0,8.828888888888889
M-50-N-50-pa-0.35-pe-1.00,LinearSearch With Reduced Qubits,50,50,0.35,zephyr,16,1.0,10.161888888888889,24.7,1399.6000000000001,98.02520459739026,3,10.0,8.866666666666667
M-50-N-50-pa-0.45-pe-1.00,BinSearch,50,50,0.45,zephyr,16,1.0,10.1295,23.3,1320.2,65.00450766531284,2,10.0,8.851666666666667
M-50-N-50-pa-0.45-pe-1.00,LinearSearch,50,50,0.45,zephyr,16,0.35,17.15388888888889,84.5,5146.166666666666,84.73114369381219,2,10.0,16.673333333333332
M-50-N-50-pa-0.45-pe-1.00,LinearSearch With Preprocessing,50,50,0.45,zephyr,16,0.35,17.15388888888889,84.5,5146.166666666666,85.12992223382462,2,10.0,16.673333333333332
M-50-N-50-pa-0.45-pe-1.00,LinearSearch With Preprocessing and Reduced Qubits,50,50,0.45,zephyr,16,1.0,10.114,23.3,1318.65,64.18379482887686,2,10.0,8.851666666666667
M-50-N-50-pa-0.45-pe-1.00,LinearSearch With Reduced Qubits,50,50,0.45,zephyr,16,1.0,10.061166666666665,23.15,1311.85,65.65211104764603,2,10.0,8.851666666666667
M-50-N-50-pa-0.55-pe-1.00,BinSearch,50,50,0.55,zephyr,16,1.0,9.934166666666666,22.450000000000003,1304.5,66.07499659608584,2,10.0,9.206666666666667
M-50-N-50-pa-0.55-pe-1.00,LinearSearch,50,50,0.55,zephyr,16,0.0,,,,91.052257332718,2,10.0,
M-50-N-50-pa-0.55-pe-1.00,LinearSearch With Preprocessing,50,50,0.55,zephyr,16,0.0,,,,91.00468813425395,2,10.0,
M-50-N-50-pa-0.55-pe-1.00,LinearSearch With Preprocessing and Reduced Qubits,50,50,0.55,zephyr,16,1.0,9.9885,22.5,1312.5,65.36178193998057,2,10.0,9.24
M-50-N-50-pa-0.55-pe-1.00,LinearSearch With Reduced Qubits,50,50,0.55,zephyr,16,1.0,9.935666666666666,22.4,1304.35,66.85184999851045,2,10.0,9.216666666666667
M-50-N-50-pa-0.65-pe-1.00,BinSearch,50,50,0.65,zephyr,16,1.0,9.9145,22.8,1291.75,66.19311868699734,2,10.0,8.401666666666667
M-50-N-50-pa-0.65-pe-1.00,LinearSearch,50,50,0.65,zephyr,16,0.0,,,,98.98402599766851,2,10.0,
M-50-N-50-pa-0.65-pe-1.00,LinearSearch With Preprocessing,50,50,0.65,zephyr,16,0.0,,,,98.59015923007391,2,10.0,
M-50-N-50-pa-0.65-pe-1.00,LinearSearch With Preprocessing and Reduced Qubits,50,50,0.65,zephyr,16,1.0,9.888166666666667,22.6,1287.8000000000002,66.3716387903085,2,10.0,8.401666666666667
M-50-N-50-pa-0.65-pe-1.00,LinearSearch With Reduced Qubits,50,50,0.65,zephyr,16,1.0,9.9145,22.8,1291.75,65.98865285413339,2,10.0,8.401666666666667
M-50-N-50-pa-0.75-pe-1.00,BinSearch,50,50,0.75,zephyr,16,1.0,8.234,16.6,823.4,31.094706662441602,1,10.0,6.86
M-50-N-50-pa-0.75-pe-1.00,LinearSearch,50,50,0.75,zephyr,16,0.0,,,,66.067206379259,1,10.0,
M-50-N-50-pa-0.75-pe-1.00,LinearSearch With Preprocessing,50,50,0.75,zephyr,16,0.0,,,,65.68358576835598,1,10.0,
M-50-N-50-pa-0.75-pe-1.00,LinearSearch With Preprocessing and Reduced Qubits,50,50,0.75,zephyr,16,1.0,8.261,16.6,826.1,30.99198596577626,1,10.0,6.86
M-50-N-50-pa-0.75-pe-1.00,LinearSearch With Reduced Qubits,50,50,0.75,zephyr,16,1.0,8.25,16.5,825.0,31.109629776608198,1,10.0,6.88
M-50-N-50-pa-0.85-pe-1.00,BinSearch,50,50,0.85,zephyr,16,1.0,8.062244897959184,15.4,790.1,31.32090999719221,1,10.0,7.142857142857143
M-50-N-50-pa-0.85-pe-1.00,LinearSearch,50,50,0.85,zephyr,16,0.0,,,,70.00556835636962,1,10.0,
M-50-N-50-pa-0.85-pe-1.00,LinearSearch With Preprocessing,50,50,0.85,zephyr,16,0.0,,,,62.53183286224957,1,10.0,
M-50-N-50-pa-0.85-pe-1.00,LinearSearch With Preprocessing and Reduced Qubits,50,50,0.85,zephyr,16,1.0,8.11122448979592,15.6,794.9,31.210244402801617,1,10.0,7.142857142857143
M-50-N-50-pa-0.85-pe-1.00,LinearSearch With Reduced Qubits,50,50,0.85,zephyr,16,1.0,8.075510204081633,15.4,791.4,31.13279367152136,1,10.0,7.142857142857143
