algorithm,universe_size,num_test_cases,mean_embedding_success,mean_chain_length,mean_max_chain_length,mean_num_physical_qubits,mean_num_embedding_calls,mean_runtime_seconds,num_pa_values,count,mean_physical_logical_qubit_ratio
BinSearch,2,2,1.0,1.0,1.0,2.0,1.0,0.06155336704105134,1,1,1.0
BinSearch,4,4,1.0,1.03,1.15,4.65,1.0,0.07037510724039744,2,2,1.0
BinSearch,4,5,1.0,1.0,1.0,4.0,1.0,0.06961341812275346,1,1,1.0
BinSearch,4,6,1.0,1.0,1.0,4.0,1.0,0.06804861684795466,1,1,1.0
BinSearch,5,5,1.0,1.1888888888888889,2.0,6.333333333333333,1.0,0.0789367376128211,3,3,1.1888888888888889
BinSearch,5,6,1.0,1.2,2.0,6.0,1.0,0.07580777574330563,1,1,1.2
BinSearch,5,7,1.0,1.2888888888888888,2.0,11.6,1.0,0.10256813827436413,2,2,1.2777777777777777
BinSearch,5,8,1.0,1.2222222222222223,2.0,8.6,1.0,0.08983011596137652,2,2,1.2111111111111112
BinSearch,5,9,1.0,1.1933333333333334,2.0,9.6,1.0,0.09422964595723893,2,2,1.1833333333333333
BinSearch,5,10,1.0,1.2280555555555557,2.0,8.975,1.0,0.09059002801077436,4,4,1.2055555555555555
BinSearch,5,12,1.0,1.2,2.0,9.0,1.0,0.09936325732851398,2,2,1.2
BinSearch,5,13,1.0,1.2333333333333334,2.0,11.1,1.0,0.09621288927737617,1,1,1.2222222222222223
BinSearch,5,14,1.0,1.2,2.0,7.8,1.0,0.08516134193632746,2,2,1.1625
BinSearch,5,15,1.0,1.1666666666666667,2.0,7.0,1.0,0.07878159664105618,1,1,1.1666666666666667
BinSearch,5,16,1.0,1.2,2.0,6.0,1.0,0.07689800004009152,1,1,1.2
BinSearch,5,18,1.0,1.157142857142857,2.0,8.1,1.0,0.084981254953891,1,1,1.1428571428571428
BinSearch,5,19,1.0,1.2,2.0,6.0,1.0,0.07733461624011394,1,1,1.2
BinSearch,5,20,1.0,1.1666666666666667,2.0,7.0,1.0,0.07840595452580595,1,1,1.1666666666666667
BinSearch,5,22,1.0,1.2,2.0,6.0,1.0,0.07659876672551033,1,1,1.2
BinSearch,5,23,1.0,1.2,2.0,6.0,1.0,0.074977940111421,1,1,1.2
BinSearch,5,24,1.0,1.2,2.0,6.0,1.0,0.0810612478293478,1,1,1.2
BinSearch,5,29,1.0,1.2,2.0,6.0,1.0,0.07824564552865917,1,1,1.2
BinSearch,6,5,1.0,1.3,2.0,9.1,1.0,0.09071423301938915,1,1,1.2857142857142858
BinSearch,7,5,1.0,1.3444444444444443,2.0,12.1,1.0,0.11011994984000917,1,1,1.3333333333333333
BinSearch,8,5,1.0,1.4227272727272728,2.0,15.649999999999999,1.0,0.1399699265020899,2,2,1.3636363636363635
BinSearch,9,5,1.0,1.5071428571428571,2.0,21.1,1.0,0.19559553535655136,1,1,1.5
BinSearch,9,10,1.0,1.4923076923076923,2.0,19.4,1.0,0.1886388529092073,1,1,1.4615384615384617
BinSearch,9,11,1.0,1.6333333333333335,2.0,14.7,1.0,0.15129824858158822,1,1,1.5555555555555556
BinSearch,10,5,1.0,1.592857142857143,2.0,22.3,1.0,0.22461542671080675,1,1,1.5714285714285714
BinSearch,10,9,1.0,1.5266666666666668,2.0,22.9,2.0,0.36501077788416286,1,1,1.4666666666666666
BinSearch,10,10,1.0,1.657523506478615,2.6399999999999997,32.13,1.4,0.48925144153181466,5,5,1.564463650957459
BinSearch,10,16,1.0,1.764705882352941,2.8,30.0,1.0,0.32213939561042937,1,1,1.7058823529411764
BinSearch,10,21,1.0,1.6714574898785424,2.5,27.05,1.0,0.32554911125916985,2,2,1.6376518218623481
BinSearch,10,22,1.0,1.7556521739130435,2.5,29.200000000000003,1.0,0.3827729442389682,2,2,1.7195652173913043
BinSearch,10,24,1.0,1.546153846153846,2.0,20.1,1.0,0.17198769103270023,1,1,1.5384615384615383
BinSearch,10,25,1.0,1.656612554112554,2.8,36.4875,1.5,0.7415821817587129,4,4,1.5460497835497837
BinSearch,10,29,1.0,1.8050000000000002,3.0,36.1,1.0,0.46224152722861617,1,1,1.65
BinSearch,10,36,1.0,1.72,2.0,17.2,1.0,0.18412113031372426,1,1,1.7
BinSearch,10,45,1.0,1.6333333333333333,2.0,19.6,1.0,0.16137775497045365,1,1,1.5833333333333333
BinSearch,10,46,1.0,1.6244318181818183,3.05,52.5,2.0,1.2113539051497355,2,2,1.5568181818181817
BinSearch,10,47,1.0,1.9816666666666665,4.3,81.75,2.0,3.9671773136127744,1,1,1.8566666666666667
BinSearch,10,48,1.0,2.027784178187404,4.675,95.30000000000001,2.0,8.667267860041466,2,2,1.8994095622119815
BinSearch,12,9,1.0,1.588235294117647,2.0,27.0,1.0,0.2373804928734898,1,1,1.588235294117647
BinSearch,15,5,1.0,1.9318181818181817,3.0,42.5,1.0,0.5689096454763785,1,1,1.8636363636363635
BinSearch,16,5,1.0,2.1333333333333333,3.0,44.8,1.0,0.786100834584795,1,1,2.0
BinSearch,20,10,1.0,2.3558823529411765,3.8,80.1,1.0,1.5370661344146357,1,1,2.2058823529411766
BinSearch,21,5,1.0,2.413333333333333,3.3,72.4,1.0,1.3844509897986428,1,1,2.3
BinSearch,21,10,1.0,2.172727272727273,3.0,71.7,1.0,1.6111998825799674,1,1,2.090909090909091
BinSearch,22,23,1.0,2.2888888888888888,3.0,61.8,1.0,1.0548899260582403,1,1,2.259259259259259
BinSearch,23,10,1.0,2.875757575757576,4.0,94.9,1.0,2.7399271782953294,1,1,2.757575757575758
BinSearch,24,5,1.0,2.9172413793103447,4.0,84.6,1.0,2.1545516547979786,1,1,2.7586206896551726
BinSearch,24,10,1.0,2.856818181818182,4.6,125.7,1.0,3.993763033300638,1,1,2.613636363636364
BinSearch,24,25,1.0,2.5354166666666664,4.7,121.7,2.0,6.153000265802257,1,1,2.375
BinSearch,24,37,1.0,2.479310344827586,3.3,71.9,1.0,1.5280868757050485,1,1,2.3793103448275863
BinSearch,25,5,1.0,3.05,4.0,91.5,1.0,2.3651231295196338,1,1,2.933333333333333
BinSearch,25,10,1.0,3.2952380952380955,4.6000000000000005,115.33333333333333,1.0,3.1225786176820596,3,3,3.142857142857143
BinSearch,25,25,1.0,3.7292717684702645,6.735714285714286,224.97142857142856,1.5714285714285714,21.963905432091895,7,7,3.4969295053971123
BinSearch,25,49,1.0,2.7288135593220337,5.6,161.0,1.0,4.690227963798679,1,1,2.5254237288135597
BinSearch,25,50,1.0,4.356911995476667,11.549999999999999,437.0142857142857,1.5714285714285714,43.18609884260888,7,7,4.063470964433051
BinSearch,34,5,1.0,3.825,5.9,168.3,1.0,6.906660116021522,1,1,3.4318181818181817
BinSearch,39,5,1.0,4.4409090909090905,6.3,195.4,1.0,10.850468911090866,1,1,3.9318181818181817
BinSearch,39,10,1.0,4.361016949152543,7.0,257.3,2.0,28.073534770822153,1,1,3.9322033898305087
BinSearch,41,25,1.0,3.8661764705882353,7.1,262.9,1.0,13.983087484538554,1,1,3.588235294117647
BinSearch,45,48,1.0,4.008108108108108,7.8,296.6,1.0,17.541739756637252,1,1,3.6486486486486487
BinSearch,47,10,1.0,5.429706729510343,8.0,337.15,2.0,40.269480621302506,1,1,5.101859125425504
BinSearch,49,10,1.0,5.633898305084746,8.1,332.4,1.0,24.469011578592472,1,1,5.322033898305085
BinSearch,50,10,1.0,6.063333333333333,8.9,363.8,1.0,22.882115215210558,3,3,5.605555555555555
BinSearch,50,25,1.0,6.876494350282486,12.035714285714286,608.7214285714286,1.5714285714285714,48.39503592542106,7,7,6.297098466505246
BinSearch,50,50,1.0,9.592783864477463,24.8125,1358.3270833333333,2.0,66.00966323011089,8,8,8.535558942532406
LinearSearch,2,2,1.0,1.0,1.0,2.0,1.0,0.060563820204697506,1,1,1.0
LinearSearch,4,4,1.0,1.03,1.15,4.65,2.0,0.1391247655148617,2,2,1.0
LinearSearch,4,5,1.0,1.0,1.0,4.0,3.0,0.2098426566692068,1,1,1.0
LinearSearch,4,6,1.0,1.0,1.0,4.0,2.0,0.13811720313969988,1,1,1.0
LinearSearch,5,5,1.0,1.1888888888888889,2.0,6.333333333333333,2.0,0.15706501782406113,3,3,1.1888888888888889
LinearSearch,5,6,1.0,1.2,2.0,6.0,4.0,0.30641945945098975,1,1,1.2
LinearSearch,5,7,1.0,1.291958041958042,2.0,15.549999999999999,1.0,0.13120576258515937,2,2,1.244755244755245
LinearSearch,5,8,1.0,1.2208333333333332,2.0,10.45,2.5,0.22289839938748618,2,2,1.1833333333333333
LinearSearch,5,9,1.0,1.2102564102564104,2.0,11.65,2.0,0.183535759220831,2,2,1.198717948717949
LinearSearch,5,10,1.0,1.2305555555555556,2.025,10.625,2.75,0.24560553944902486,4,4,1.2222222222222223
LinearSearch,5,12,1.0,1.2,2.0,9.0,2.5,0.20433076033368694,2,2,1.2
LinearSearch,5,13,1.0,1.2363636363636366,2.0,13.6,1.0,0.11410740395076568,1,1,1.181818181818182
LinearSearch,5,14,1.0,1.2,2.0,7.8,2.0,0.16110075276810665,2,2,1.1625
LinearSearch,5,15,1.0,1.1666666666666667,2.0,7.0,3.0,0.24016226232051835,1,1,1.1666666666666667
LinearSearch,5,16,1.0,1.2,2.0,6.0,4.0,0.30547797775361674,1,1,1.2
LinearSearch,5,18,1.0,1.157142857142857,2.0,8.1,2.0,0.16893737888894966,1,1,1.1428571428571428
LinearSearch,5,19,1.0,1.2,2.0,6.0,4.0,0.3058266814565284,1,1,1.2
LinearSearch,5,20,1.0,1.1666666666666667,2.0,7.0,3.0,0.24221095666289316,1,1,1.1666666666666667
LinearSearch,5,22,1.0,1.2,2.0,6.0,4.0,0.3114791256142779,1,1,1.2
LinearSearch,5,23,1.0,1.2,2.0,6.0,2.0,0.1535295860609039,1,1,1.2
LinearSearch,5,24,1.0,1.2,2.0,6.0,3.0,0.2364411869551985,1,1,1.2
LinearSearch,5,29,1.0,1.2,2.0,6.0,4.0,0.3037056088447569,1,1,1.2
LinearSearch,6,5,1.0,1.3,2.0,9.1,3.0,0.2769877572078257,1,1,1.2857142857142858
LinearSearch,7,5,1.0,1.3444444444444443,2.0,12.1,4.0,0.4266010490944607,1,1,1.3333333333333333
LinearSearch,8,5,1.0,1.4227272727272728,2.0,15.649999999999999,3.0,0.4133169104112311,2,2,1.3636363636363635
LinearSearch,9,5,1.0,1.655,2.8,33.1,1.0,0.29220813722349703,1,1,1.6
LinearSearch,9,10,1.0,1.4923076923076923,2.0,19.4,4.0,0.6809594580437986,1,1,1.4615384615384617
LinearSearch,9,11,1.0,1.6333333333333335,2.0,14.7,8.0,1.1097980755148453,1,1,1.5555555555555556
LinearSearch,10,5,1.0,1.8,3.0,36.0,1.0,0.37497734993230547,1,1,1.7
LinearSearch,10,9,1.0,1.5266666666666668,2.0,22.9,4.0,0.7463236232521011,1,1,1.4666666666666666
LinearSearch,10,10,1.0,1.9101014802967264,3.22,53.32000000000001,1.6,1.2344380056485533,5,5,1.7758127554392409
LinearSearch,10,16,1.0,2.4303030303030306,4.1,80.2,1.0,2.1743679551873356,1,1,2.272727272727273
LinearSearch,10,21,1.0,1.9967775467775466,3.15,55.05,3.5,1.5280534010380507,2,2,1.877338877338877
LinearSearch,10,22,1.0,2.187551020408163,4.05,73.64999999999999,5.0,2.765494888904504,2,2,2.0846938775510204
LinearSearch,10,24,1.0,1.546153846153846,2.0,20.1,5.0,0.8917559497058389,1,1,1.5384615384615383
LinearSearch,10,25,1.0,1.9351923076923077,3.475,61.25,2.75,1.9206621055782307,4,4,1.7794871794871796
LinearSearch,10,29,1.0,2.5575,4.7,102.3,1.0,2.45148153079208,1,1,2.375
LinearSearch,10,36,1.0,1.72,2.0,17.2,8.0,1.2924658462172371,1,1,1.7
LinearSearch,10,45,1.0,1.6333333333333333,2.0,19.6,7.0,1.2072630514623595,1,1,1.5833333333333333
LinearSearch,10,46,1.0,1.6312770562770562,3.0999999999999996,54.65,4.0,2.690307350142393,2,2,1.4913419913419914
LinearSearch,10,47,1.0,2.559375,6.9,163.8,2.0,18.74751181320753,1,1,2.328125
LinearSearch,10,48,1.0,2.4069262038774233,6.449999999999999,148.8,2.5,27.66822321235668,2,2,2.2464040025015635
LinearSearch,12,9,1.0,1.588235294117647,2.0,27.0,5.0,1.1856743841897694,1,1,1.588235294117647
LinearSearch,15,5,1.0,1.95,3.0,46.8,2.0,1.470304127712734,1,1,1.8333333333333333
LinearSearch,16,5,1.0,2.4483870967741934,3.6,75.9,1.0,1.1952595548005776,1,1,2.290322580645161
LinearSearch,20,10,1.0,2.4421052631578943,4.3,92.8,3.0,4.635534952906892,1,1,2.236842105263158
LinearSearch,21,5,1.0,2.5542857142857143,3.9,89.4,2.0,3.354926068498753,1,1,2.4
LinearSearch,21,10,1.0,2.172727272727273,3.0,71.7,7.0,10.226186158601195,1,1,2.090909090909091
LinearSearch,22,23,1.0,2.2888888888888888,3.0,61.8,15.0,15.612055637012237,1,1,2.259259259259259
LinearSearch,23,10,1.0,3.6389830508474574,6.8,214.7,1.0,8.07866139083635,1,1,3.3220338983050848
LinearSearch,24,5,1.0,3.330232558139535,5.3,143.2,1.0,3.4759728121804074,1,1,3.0232558139534884
LinearSearch,24,10,1.0,3.0923076923076924,5.2,160.8,2.0,9.271733556548135,1,1,2.9423076923076925
LinearSearch,24,25,1.0,2.5354166666666664,4.7,121.7,7.0,22.405594213260336,1,1,2.375
LinearSearch,24,37,1.0,2.479310344827586,3.3,71.9,16.0,23.611741716158576,1,1,2.3793103448275863
LinearSearch,25,5,1.0,3.651111111111111,5.6,164.3,1.0,5.875354425492697,1,1,3.4
LinearSearch,25,10,1.0,4.334773755656109,7.8,286.3,1.0,19.196298858034424,3,3,4.091327300150829
LinearSearch,25,25,1.0,6.1629431917156134,18.95,783.2107142857142,1.8571428571428572,57.046202912078506,7,7,5.386379902547304
LinearSearch,25,49,1.0,2.7288135593220337,5.6,161.0,8.0,39.17124345418997,1,1,2.5254237288135597
LinearSearch,25,50,0.9642857142857143,7.861126369330601,43.521031746031746,1709.1186507936509,2.4285714285714284,85.3142693074287,7,7,7.218237112627364
LinearSearch,34,5,1.0,3.7520000000000002,6.0,187.6,2.0,16.119246074580587,1,1,3.4
LinearSearch,39,5,1.0,4.845000000000001,7.7,290.7,1.0,15.12699678700883,1,1,4.683333333333334
LinearSearch,39,10,1.0,4.290952380952381,7.400000000000001,300.3666666666667,3.0,58.34195591683965,1,1,3.8666666666666667
LinearSearch,41,25,1.0,3.8661764705882353,7.1,262.9,10.0,140.58170367700512,1,1,3.588235294117647
LinearSearch,45,48,1.0,4.008108108108108,7.8,296.6,19.0,337.9594931664178,1,1,3.6486486486486487
LinearSearch,47,10,1.0,6.033333333333333,11.5,524.9,2.0,59.62438723009545,1,1,5.436781609195402
LinearSearch,49,10,1.0,7.225531914893617,13.6,679.2,1.0,31.058986173616724,1,1,6.73404255319149
LinearSearch,50,10,1.0,9.442013829954425,18.2,964.4,1.0,31.70085038622686,3,3,8.401725601131544
LinearSearch,50,25,0.9714285714285714,13.342015965926958,40.29642857142857,2330.4035714285715,2.2857142857142856,76.38578148481237,7,7,11.70017019552928
LinearSearch,50,50,0.40625,13.192256352196194,61.46784722222222,3554.9420833333334,3.0,121.78273616294028,8,8,12.375729229481378
LinearSearch With Preprocessing,2,2,1.0,1.0,1.0,2.0,1.0,0.0627675245981663,1,1,1.0
LinearSearch With Preprocessing,4,4,1.0,1.03,1.15,4.65,1.0,0.06942391457268965,2,2,1.0
LinearSearch With Preprocessing,4,5,1.0,1.0,1.0,4.0,1.0,0.06817756388336418,1,1,1.0
LinearSearch With Preprocessing,4,6,1.0,1.0,1.0,4.0,1.0,0.0689806853421032,1,1,1.0
LinearSearch With Preprocessing,5,5,1.0,1.1888888888888889,2.0,6.333333333333333,1.0,0.08051023106090721,3,3,1.1888888888888889
LinearSearch With Preprocessing,5,6,1.0,1.2,2.0,6.0,1.0,0.07661735643632706,1,1,1.2
LinearSearch With Preprocessing,5,7,1.0,1.291958041958042,2.0,15.549999999999999,1.0,0.12908009709790347,2,2,1.244755244755245
LinearSearch With Preprocessing,5,8,1.0,1.2208333333333332,2.0,10.45,1.0,0.10155522880377242,2,2,1.1833333333333333
LinearSearch With Preprocessing,5,9,1.0,1.2102564102564104,2.0,11.65,1.0,0.1044938328210264,2,2,1.198717948717949
LinearSearch With Preprocessing,5,10,1.0,1.2305555555555556,2.025,10.625,1.0,0.10302162626176137,4,4,1.2222222222222223
LinearSearch With Preprocessing,5,12,1.0,1.2,2.0,9.0,1.0,0.08580059303203594,2,2,1.2
LinearSearch With Preprocessing,5,13,1.0,1.2363636363636366,2.0,13.6,1.0,0.11179103776812549,1,1,1.181818181818182
LinearSearch With Preprocessing,5,14,1.0,1.2,2.0,7.8,1.0,0.08264967312570656,2,2,1.1625
LinearSearch With Preprocessing,5,15,1.0,1.1666666666666667,2.0,7.0,1.0,0.07857994632795448,1,1,1.1666666666666667
LinearSearch With Preprocessing,5,16,1.0,1.2,2.0,6.0,1.0,0.07768589761108155,1,1,1.2
LinearSearch With Preprocessing,5,18,1.0,1.157142857142857,2.0,8.1,1.0,0.08440633020363744,1,1,1.1428571428571428
LinearSearch With Preprocessing,5,19,1.0,1.2,2.0,6.0,1.0,0.0773376725846901,1,1,1.2
LinearSearch With Preprocessing,5,20,1.0,1.1666666666666667,2.0,7.0,1.0,0.07977093132212754,1,1,1.1666666666666667
LinearSearch With Preprocessing,5,22,1.0,1.2,2.0,6.0,1.0,0.07871096157468851,1,1,1.2
LinearSearch With Preprocessing,5,23,1.0,1.2,2.0,6.0,1.0,0.07491862175520504,1,1,1.2
LinearSearch With Preprocessing,5,24,1.0,1.2,2.0,6.0,1.0,0.076059385552071,1,1,1.2
LinearSearch With Preprocessing,5,29,1.0,1.2,2.0,6.0,1.0,0.07561338371597227,1,1,1.2
LinearSearch With Preprocessing,6,5,1.0,1.3,2.0,9.1,1.0,0.09287475538440045,1,1,1.2857142857142858
LinearSearch With Preprocessing,7,5,1.0,1.3444444444444443,2.0,12.1,1.0,0.10792690324597057,1,1,1.3333333333333333
LinearSearch With Preprocessing,8,5,1.0,1.4227272727272728,2.0,15.649999999999999,1.0,0.13511291616596277,2,2,1.3636363636363635
LinearSearch With Preprocessing,9,5,1.0,1.655,2.8,33.1,1.0,0.30813350470270956,1,1,1.6
LinearSearch With Preprocessing,9,10,1.0,1.4923076923076923,2.0,19.4,1.0,0.17430504099465904,1,1,1.4615384615384617
LinearSearch With Preprocessing,9,11,1.0,1.6333333333333335,2.0,14.7,1.0,0.1442267437698319,1,1,1.5555555555555556
LinearSearch With Preprocessing,10,5,1.0,1.8,3.0,36.0,1.0,0.4203017279971391,1,1,1.7
LinearSearch With Preprocessing,10,9,1.0,1.5266666666666668,2.0,22.9,2.0,0.3655153312487527,1,1,1.4666666666666666
LinearSearch With Preprocessing,10,10,1.0,1.9101014802967264,3.22,53.32000000000001,1.4,1.1270875540375709,5,5,1.7758127554392409
LinearSearch With Preprocessing,10,16,1.0,2.4303030303030306,4.1,80.2,1.0,2.150460163759999,1,1,2.272727272727273
LinearSearch With Preprocessing,10,21,1.0,1.9967775467775466,3.15,55.05,1.0,1.1031054993043652,2,2,1.877338877338877
LinearSearch With Preprocessing,10,22,1.0,2.187551020408163,4.05,73.64999999999999,1.0,2.1385725487489253,2,2,2.0846938775510204
LinearSearch With Preprocessing,10,24,1.0,1.546153846153846,2.0,20.1,1.0,0.17084440479520704,1,1,1.5384615384615383
LinearSearch With Preprocessing,10,25,1.0,1.9351923076923077,3.475,61.25,1.5,1.6675110885931645,4,4,1.7794871794871794
LinearSearch With Preprocessing,10,29,1.0,2.5575,4.7,102.3,1.0,2.2197894785553216,1,1,2.375
LinearSearch With Preprocessing,10,36,1.0,1.72,2.0,17.2,1.0,0.17254346569534387,1,1,1.7
LinearSearch With Preprocessing,10,45,1.0,1.6333333333333333,2.0,19.6,1.0,0.15872136780526486,1,1,1.5833333333333333
LinearSearch With Preprocessing,10,46,1.0,1.6312770562770562,3.0999999999999996,54.65,2.0,1.6454289061599412,2,2,1.4913419913419914
LinearSearch With Preprocessing,10,47,1.0,2.559375,6.9,163.8,2.0,18.858451973670164,1,1,2.328125
LinearSearch With Preprocessing,10,48,1.0,2.4069262038774233,6.449999999999999,148.8,2.5,26.664148330967873,2,2,2.2464040025015635
LinearSearch With Preprocessing,12,9,1.0,1.588235294117647,2.0,27.0,1.0,0.23188447619322683,1,1,1.588235294117647
LinearSearch With Preprocessing,15,5,1.0,1.95,3.0,46.8,1.0,0.6419915737584233,1,1,1.8333333333333333
LinearSearch With Preprocessing,16,5,1.0,2.4483870967741934,3.6,75.9,1.0,1.3087233036523684,1,1,2.290322580645161
LinearSearch With Preprocessing,20,10,1.0,2.4421052631578943,4.3,92.8,1.0,1.5465649825055152,1,1,2.236842105263158
LinearSearch With Preprocessing,21,5,1.0,2.5542857142857143,3.9,89.4,1.0,1.6545832571806387,1,1,2.4
LinearSearch With Preprocessing,21,10,1.0,2.172727272727273,3.0,71.7,1.0,1.4826709683053196,1,1,2.090909090909091
LinearSearch With Preprocessing,22,23,1.0,2.2888888888888888,3.0,61.8,1.0,1.0679990007774904,1,1,2.259259259259259
LinearSearch With Preprocessing,23,10,1.0,3.6389830508474574,6.8,214.7,1.0,7.796224510436877,1,1,3.3220338983050848
LinearSearch With Preprocessing,24,5,1.0,3.330232558139535,5.3,143.2,1.0,3.635739216580987,1,1,3.0232558139534884
LinearSearch With Preprocessing,24,10,1.0,3.0923076923076924,5.2,160.8,1.0,5.054508082265966,1,1,2.9423076923076925
LinearSearch With Preprocessing,24,25,1.0,2.5354166666666664,4.7,121.7,2.0,6.108436527661979,1,1,2.375
LinearSearch With Preprocessing,24,37,1.0,2.479310344827586,3.3,71.9,1.0,1.5040736591210588,1,1,2.3793103448275863
LinearSearch With Preprocessing,25,5,1.0,3.651111111111111,5.6,164.3,1.0,6.159029684332199,1,1,3.4
LinearSearch With Preprocessing,25,10,1.0,4.334773755656109,7.8,286.3,1.0,18.903001968842002,3,3,4.091327300150829
LinearSearch With Preprocessing,25,25,1.0,6.144400755009805,18.85952380952381,780.7404761904762,1.7142857142857142,53.52029432369995,7,7,5.374842283857142
LinearSearch With Preprocessing,25,49,1.0,2.7288135593220337,5.6,161.0,1.0,4.6267568587092684,1,1,2.5254237288135597
LinearSearch With Preprocessing,25,50,0.9642857142857143,7.842165161847039,43.37222222222222,1704.9087301587301,1.8571428571428572,67.50767220718387,7,7,7.220589911855162
LinearSearch With Preprocessing,34,5,1.0,3.7520000000000002,6.0,187.6,1.0,8.10150513087865,1,1,3.4
LinearSearch With Preprocessing,39,5,1.0,4.845000000000001,7.7,290.7,1.0,15.362769745034166,1,1,4.683333333333334
LinearSearch With Preprocessing,39,10,1.0,4.292857142857143,7.4,300.5,2.0,38.57891645906493,1,1,3.8857142857142857
LinearSearch With Preprocessing,41,25,1.0,3.8661764705882353,7.1,262.9,1.0,13.991725219902582,1,1,3.588235294117647
LinearSearch With Preprocessing,45,48,1.0,4.008108108108108,7.8,296.6,1.0,18.605669197882527,1,1,3.6486486486486487
LinearSearch With Preprocessing,47,10,1.0,6.025287356321838,11.5,524.2,2.0,59.47872298436705,1,1,5.436781609195402
LinearSearch With Preprocessing,49,10,1.0,7.225531914893617,13.6,679.2,1.0,30.821627966081724,1,1,6.73404255319149
LinearSearch With Preprocessing,50,10,1.0,9.41622725129656,18.133333333333336,961.7333333333332,1.0,31.61543288633693,3,3,8.30978783592645
LinearSearch With Preprocessing,50,25,0.9714285714285714,13.336280305638983,40.30833333333333,2329.3654761904763,1.7142857142857142,58.53577818443466,7,7,11.70017019552928
LinearSearch With Preprocessing,50,50,0.40625,13.180354574553807,61.484722222222224,3551.850833333333,2.5,103.37493729030248,8,8,12.387804472199825
LinearSearch With Preprocessing and Reduced Qubits,2,2,1.0,1.0,1.0,2.0,1.0,0.06272353772073978,1,1,1.0
LinearSearch With Preprocessing and Reduced Qubits,4,4,1.0,1.03,1.15,4.65,1.0,0.0707325244438834,2,2,1.0
LinearSearch With Preprocessing and Reduced Qubits,4,5,1.0,1.0,1.0,4.0,1.0,0.07009941774886098,1,1,1.0
LinearSearch With Preprocessing and Reduced Qubits,4,6,1.0,1.0,1.0,4.0,1.0,0.0735007101902738,1,1,1.0
LinearSearch With Preprocessing and Reduced Qubits,5,5,1.0,1.1888888888888889,2.0,6.333333333333333,1.0,0.07810669414078193,3,3,1.1888888888888889
LinearSearch With Preprocessing and Reduced Qubits,5,6,1.0,1.2,2.0,6.0,1.0,0.07756465289276089,1,1,1.2
LinearSearch With Preprocessing and Reduced Qubits,5,7,1.0,1.2888888888888888,2.0,11.6,1.0,0.10157349179498848,2,2,1.2777777777777777
LinearSearch With Preprocessing and Reduced Qubits,5,8,1.0,1.2222222222222223,2.0,8.6,1.0,0.0887710727518424,2,2,1.2111111111111112
LinearSearch With Preprocessing and Reduced Qubits,5,9,1.0,1.1933333333333334,2.0,9.6,1.0,0.09059818765381344,2,2,1.1833333333333333
LinearSearch With Preprocessing and Reduced Qubits,5,10,1.0,1.2280555555555557,2.0,8.975,1.0,0.08944924257812085,4,4,1.2055555555555555
LinearSearch With Preprocessing and Reduced Qubits,5,12,1.0,1.2,2.0,9.0,1.0,0.0895830358495004,2,2,1.2
LinearSearch With Preprocessing and Reduced Qubits,5,13,1.0,1.2333333333333334,2.0,11.1,1.0,0.09598227229434993,1,1,1.2222222222222223
LinearSearch With Preprocessing and Reduced Qubits,5,14,1.0,1.2,2.0,7.8,1.0,0.08355743438005443,2,2,1.1625
LinearSearch With Preprocessing and Reduced Qubits,5,15,1.0,1.1666666666666667,2.0,7.0,1.0,0.07958313447888936,1,1,1.1666666666666667
LinearSearch With Preprocessing and Reduced Qubits,5,16,1.0,1.2,2.0,6.0,1.0,0.07798477842006828,1,1,1.2
LinearSearch With Preprocessing and Reduced Qubits,5,18,1.0,1.157142857142857,2.0,8.1,1.0,0.08651835031341756,1,1,1.1428571428571428
LinearSearch With Preprocessing and Reduced Qubits,5,19,1.0,1.2,2.0,6.0,1.0,0.0776742656016722,1,1,1.2
LinearSearch With Preprocessing and Reduced Qubits,5,20,1.0,1.1666666666666667,2.0,7.0,1.0,0.08005845530424263,1,1,1.1666666666666667
LinearSearch With Preprocessing and Reduced Qubits,5,22,1.0,1.2,2.0,6.0,1.0,0.07668548338115211,1,1,1.2
LinearSearch With Preprocessing and Reduced Qubits,5,23,1.0,1.2,2.0,6.0,1.0,0.08342950567603105,1,1,1.2
LinearSearch With Preprocessing and Reduced Qubits,5,24,1.0,1.2,2.0,6.0,1.0,0.07657364245969797,1,1,1.2
LinearSearch With Preprocessing and Reduced Qubits,5,29,1.0,1.2,2.0,6.0,1.0,0.07749599944800135,1,1,1.2
LinearSearch With Preprocessing and Reduced Qubits,6,5,1.0,1.3,2.0,9.1,1.0,0.08832560412120069,1,1,1.2857142857142858
LinearSearch With Preprocessing and Reduced Qubits,7,5,1.0,1.3444444444444443,2.0,12.1,1.0,0.10551868265029041,1,1,1.3333333333333333
LinearSearch With Preprocessing and Reduced Qubits,8,5,1.0,1.4227272727272728,2.0,15.649999999999999,1.0,0.13637122700456528,2,2,1.3636363636363635
LinearSearch With Preprocessing and Reduced Qubits,9,5,1.0,1.5071428571428571,2.0,21.1,1.0,0.18425614461302756,1,1,1.5
LinearSearch With Preprocessing and Reduced Qubits,9,10,1.0,1.4923076923076923,2.0,19.4,1.0,0.1864303394220769,1,1,1.4615384615384617
LinearSearch With Preprocessing and Reduced Qubits,9,11,1.0,1.6333333333333335,2.0,14.7,1.0,0.14046333681326356,1,1,1.5555555555555556
LinearSearch With Preprocessing and Reduced Qubits,10,5,1.0,1.592857142857143,2.0,22.3,1.0,0.21592291237320746,1,1,1.5714285714285714
LinearSearch With Preprocessing and Reduced Qubits,10,9,1.0,1.5266666666666668,2.0,22.9,2.0,0.37979526307899497,1,1,1.4666666666666666
LinearSearch With Preprocessing and Reduced Qubits,10,10,1.0,1.657523506478615,2.6399999999999997,32.13,1.4,0.49528778220992536,5,5,1.564463650957459
LinearSearch With Preprocessing and Reduced Qubits,10,16,1.0,1.764705882352941,2.8,30.0,1.0,0.3053346230648458,1,1,1.7058823529411764
LinearSearch With Preprocessing and Reduced Qubits,10,21,1.0,1.6714574898785424,2.5,27.05,1.0,0.3571737604099326,2,2,1.6376518218623481
LinearSearch With Preprocessing and Reduced Qubits,10,22,1.0,1.7556521739130435,2.5,29.200000000000003,1.0,0.3915636490797624,2,2,1.7195652173913043
LinearSearch With Preprocessing and Reduced Qubits,10,24,1.0,1.546153846153846,2.0,20.1,1.0,0.1659133364912122,1,1,1.5384615384615383
LinearSearch With Preprocessing and Reduced Qubits,10,25,1.0,1.656612554112554,2.8,36.4875,1.5,0.7524197547812945,4,4,1.5460497835497837
LinearSearch With Preprocessing and Reduced Qubits,10,29,1.0,1.8050000000000002,3.0,36.1,1.0,0.5160655986983329,1,1,1.65
LinearSearch With Preprocessing and Reduced Qubits,10,36,1.0,1.72,2.0,17.2,1.0,0.16488693943247196,1,1,1.7
LinearSearch With Preprocessing and Reduced Qubits,10,45,1.0,1.6333333333333333,2.0,19.6,1.0,0.17440455916803327,1,1,1.5833333333333333
LinearSearch With Preprocessing and Reduced Qubits,10,46,1.0,1.6244318181818183,3.05,52.5,2.0,1.1704100481234492,2,2,1.5568181818181817
LinearSearch With Preprocessing and Reduced Qubits,10,47,1.0,1.9816666666666665,4.3,81.75,2.0,4.098912017513067,1,1,1.8566666666666667
LinearSearch With Preprocessing and Reduced Qubits,10,48,1.0,1.9465904844937103,4.291666666666667,82.28333333333333,2.5,9.399114042904694,2,2,1.8207214991489185
LinearSearch With Preprocessing and Reduced Qubits,12,9,1.0,1.588235294117647,2.0,27.0,1.0,0.23430828454438593,1,1,1.588235294117647
LinearSearch With Preprocessing and Reduced Qubits,15,5,1.0,1.9318181818181817,3.0,42.5,1.0,0.5364396203774959,1,1,1.8636363636363635
LinearSearch With Preprocessing and Reduced Qubits,16,5,1.0,2.1333333333333333,3.0,44.8,1.0,0.6727172506041825,1,1,2.0
LinearSearch With Preprocessing and Reduced Qubits,20,10,1.0,2.3558823529411765,3.8,80.1,1.0,1.575726177659817,1,1,2.2058823529411766
LinearSearch With Preprocessing and Reduced Qubits,21,5,1.0,2.413333333333333,3.3,72.4,1.0,1.4172632955946027,1,1,2.3
LinearSearch With Preprocessing and Reduced Qubits,21,10,1.0,2.172727272727273,3.0,71.7,1.0,1.4036295003723354,1,1,2.090909090909091
LinearSearch With Preprocessing and Reduced Qubits,22,23,1.0,2.2888888888888888,3.0,61.8,1.0,1.0701625765068457,1,1,2.259259259259259
LinearSearch With Preprocessing and Reduced Qubits,23,10,1.0,2.875757575757576,4.0,94.9,1.0,2.697603023517877,1,1,2.757575757575758
LinearSearch With Preprocessing and Reduced Qubits,24,5,1.0,2.9172413793103447,4.0,84.6,1.0,1.982717743027024,1,1,2.7586206896551726
LinearSearch With Preprocessing and Reduced Qubits,24,10,1.0,2.856818181818182,4.6,125.7,1.0,3.7506203177617863,1,1,2.613636363636364
LinearSearch With Preprocessing and Reduced Qubits,24,25,1.0,2.5354166666666664,4.7,121.7,2.0,6.5568187274504455,1,1,2.375
LinearSearch With Preprocessing and Reduced Qubits,24,37,1.0,2.479310344827586,3.3,71.9,1.0,1.498991544288583,1,1,2.3793103448275863
LinearSearch With Preprocessing and Reduced Qubits,25,5,1.0,3.05,4.0,91.5,1.0,2.192162068001926,1,1,2.933333333333333
LinearSearch With Preprocessing and Reduced Qubits,25,10,1.0,3.2952380952380955,4.6000000000000005,115.33333333333333,1.0,3.0444006165179114,3,3,3.142857142857143
LinearSearch With Preprocessing and Reduced Qubits,25,25,1.0,3.7210243913230583,6.683333333333333,222.14523809523808,1.7142857142857142,24.112082129021704,7,7,3.4928899043968946
LinearSearch With Preprocessing and Reduced Qubits,25,49,1.0,2.7288135593220337,5.6,161.0,1.0,4.93542383252643,1,1,2.5254237288135597
LinearSearch With Preprocessing and Reduced Qubits,25,50,1.0,4.340141316679336,11.385714285714286,429.2357142857142,1.8571428571428572,52.31862846056798,7,7,4.0430445352251425
LinearSearch With Preprocessing and Reduced Qubits,34,5,1.0,3.825,5.9,168.3,1.0,6.817469441262074,1,1,3.4318181818181817
LinearSearch With Preprocessing and Reduced Qubits,39,5,1.0,4.4409090909090905,6.3,195.4,1.0,10.830297578428873,1,1,3.9318181818181817
LinearSearch With Preprocessing and Reduced Qubits,39,10,1.0,4.361016949152543,7.0,257.3,2.0,27.76781270881183,1,1,3.9322033898305087
LinearSearch With Preprocessing and Reduced Qubits,41,25,1.0,3.8661764705882353,7.1,262.9,1.0,14.15645942769479,1,1,3.588235294117647
LinearSearch With Preprocessing and Reduced Qubits,45,48,1.0,4.008108108108108,7.8,296.6,1.0,18.59812138536945,1,1,3.6486486486486487
LinearSearch With Preprocessing and Reduced Qubits,47,10,1.0,5.429706729510343,8.0,337.15,2.0,40.25283236913383,1,1,5.101859125425504
LinearSearch With Preprocessing and Reduced Qubits,49,10,1.0,5.633898305084746,8.1,332.4,1.0,24.061636021430605,1,1,5.322033898305085
LinearSearch With Preprocessing and Reduced Qubits,50,10,1.0,6.063333333333333,8.9,363.8,1.0,22.741899362400485,3,3,5.605555555555555
LinearSearch With Preprocessing and Reduced Qubits,50,25,1.0,6.879665052461663,12.028571428571428,609.0,1.7142857142857142,52.967741762613876,7,7,6.297098466505246
LinearSearch With Preprocessing and Reduced Qubits,50,50,1.0,9.412293587872083,23.82166666666667,1301.7254166666667,2.5,82.00229216816369,8,8,8.336820810852783
LinearSearch With Reduced Qubits,2,2,1.0,1.0,1.0,2.0,1.0,0.06341055443044746,1,1,1.0
LinearSearch With Reduced Qubits,4,4,1.0,1.03,1.15,4.65,2.0,0.14026018691947675,2,2,1.0
LinearSearch With Reduced Qubits,4,5,1.0,1.0,1.0,4.0,3.0,0.2072362955426796,1,1,1.0
LinearSearch With Reduced Qubits,4,6,1.0,1.0,1.0,4.0,2.0,0.139559060987085,1,1,1.0
LinearSearch With Reduced Qubits,5,5,1.0,1.1888888888888889,2.0,6.333333333333333,2.0,0.1568615745753049,3,3,1.1888888888888889
LinearSearch With Reduced Qubits,5,6,1.0,1.2,2.0,6.0,4.0,0.30730457359459235,1,1,1.2
LinearSearch With Reduced Qubits,5,7,1.0,1.2888888888888888,2.0,11.6,1.0,0.10266291589941824,2,2,1.2777777777777777
LinearSearch With Reduced Qubits,5,8,1.0,1.2222222222222223,2.0,8.6,2.5,0.20426325369626275,2,2,1.2111111111111112
LinearSearch With Reduced Qubits,5,9,1.0,1.1933333333333334,2.0,9.6,2.0,0.17587164684664447,2,2,1.1833333333333333
LinearSearch With Reduced Qubits,5,10,1.0,1.2280555555555557,2.0,8.975,2.75,0.2285135242156683,4,4,1.2055555555555555
LinearSearch With Reduced Qubits,5,12,1.0,1.2,2.0,9.0,2.5,0.20102947100531296,2,2,1.2
LinearSearch With Reduced Qubits,5,13,1.0,1.2333333333333334,2.0,11.1,1.0,0.09805559772066769,1,1,1.2222222222222223
LinearSearch With Reduced Qubits,5,14,1.0,1.2,2.0,7.8,2.0,0.15813784141791976,2,2,1.1625
LinearSearch With Reduced Qubits,5,15,1.0,1.1666666666666667,2.0,7.0,3.0,0.24096584857907133,1,1,1.1666666666666667
LinearSearch With Reduced Qubits,5,16,1.0,1.2,2.0,6.0,4.0,0.3105982986046,1,1,1.2
LinearSearch With Reduced Qubits,5,18,1.0,1.157142857142857,2.0,8.1,2.0,0.16604436070192596,1,1,1.1428571428571428
LinearSearch With Reduced Qubits,5,19,1.0,1.2,2.0,6.0,4.0,0.3099498177412896,1,1,1.2
LinearSearch With Reduced Qubits,5,20,1.0,1.1666666666666667,2.0,7.0,3.0,0.24279099418781686,1,1,1.1666666666666667
LinearSearch With Reduced Qubits,5,22,1.0,1.2,2.0,6.0,4.0,0.30724411706905796,1,1,1.2
LinearSearch With Reduced Qubits,5,23,1.0,1.2,2.0,6.0,2.0,0.1523305673617869,1,1,1.2
LinearSearch With Reduced Qubits,5,24,1.0,1.2,2.0,6.0,3.0,0.22883171527646468,1,1,1.2
LinearSearch With Reduced Qubits,5,29,1.0,1.2,2.0,6.0,4.0,0.3122323246207086,1,1,1.2
LinearSearch With Reduced Qubits,6,5,1.0,1.3,2.0,9.1,3.0,0.2681304788216947,1,1,1.2857142857142858
LinearSearch With Reduced Qubits,7,5,1.0,1.3444444444444443,2.0,12.1,4.0,0.42166306979488566,1,1,1.3333333333333333
LinearSearch With Reduced Qubits,8,5,1.0,1.4360227272727273,2.0,15.25,3.0,0.41203653201227997,2,2,1.3772727272727272
LinearSearch With Reduced Qubits,9,5,1.0,1.5071428571428571,2.0,21.1,1.0,0.1790430781431496,1,1,1.5
LinearSearch With Reduced Qubits,9,10,1.0,1.4942307692307693,2.0,19.049999999999997,4.0,0.6765696633141486,1,1,1.450320512820513
LinearSearch With Reduced Qubits,9,11,1.0,1.6333333333333335,2.0,14.7,8.0,1.128153521288186,1,1,1.5555555555555556
LinearSearch With Reduced Qubits,10,5,1.0,1.592857142857143,2.0,22.3,1.0,0.2076056186109781,1,1,1.5714285714285714
LinearSearch With Reduced Qubits,10,9,1.0,1.525357142857143,2.0,22.5,4.0,0.7506059389328582,1,1,1.4749999999999999
LinearSearch With Reduced Qubits,10,10,1.0,1.6537691205137026,2.6,31.439999999999998,1.6,0.5404150601709261,5,5,1.5704285632381607
LinearSearch With Reduced Qubits,10,16,1.0,1.764705882352941,2.8,30.0,1.0,0.3247588598402217,1,1,1.7058823529411764
LinearSearch With Reduced Qubits,10,21,1.0,1.6714574898785424,2.5,27.05,3.5,0.7877701732446439,2,2,1.6376518218623481
LinearSearch With Reduced Qubits,10,22,1.0,1.7556521739130435,2.5,29.200000000000003,5.0,0.9915265029994769,2,2,1.7195652173913043
LinearSearch With Reduced Qubits,10,24,1.0,1.546153846153846,2.0,20.1,5.0,0.8678173453081397,1,1,1.5384615384615383
LinearSearch With Reduced Qubits,10,25,1.0,1.6480284992784993,2.7416666666666667,35.28583333333333,2.75,0.9634035713970661,4,4,1.53997113997114
LinearSearch With Reduced Qubits,10,29,1.0,1.8050000000000002,3.0,36.1,1.0,0.5139779971679672,1,1,1.65
LinearSearch With Reduced Qubits,10,36,1.0,1.72,2.0,17.2,8.0,1.251604593871161,1,1,1.7
LinearSearch With Reduced Qubits,10,45,1.0,1.6333333333333333,2.0,19.6,7.0,1.1542424435261636,1,1,1.5833333333333333
LinearSearch With Reduced Qubits,10,46,1.0,1.5634740259740258,2.8566666666666665,46.68333333333333,4.0,1.7747269874904306,2,2,1.4966891133557798
LinearSearch With Reduced Qubits,10,47,1.0,1.9816666666666665,4.3,81.75,2.0,4.269439688068815,1,1,1.8566666666666667
LinearSearch With Reduced Qubits,10,48,1.0,1.9465904844937103,4.291666666666667,82.28333333333333,2.5,9.54736665909877,2,2,1.8207214991489185
LinearSearch With Reduced Qubits,12,9,1.0,1.588235294117647,2.0,27.0,5.0,1.171902038156986,1,1,1.588235294117647
LinearSearch With Reduced Qubits,15,5,1.0,1.8948564593301434,3.0,38.9,2.0,1.0201044485438615,1,1,1.852870813397129
LinearSearch With Reduced Qubits,16,5,1.0,2.1333333333333333,3.0,44.8,1.0,0.6696344109252095,1,1,2.0
LinearSearch With Reduced Qubits,20,10,1.0,2.319397759103641,3.5666666666666664,74.36666666666666,3.0,4.289856972591951,1,1,2.1848739495798317
LinearSearch With Reduced Qubits,21,5,1.0,2.387435897435897,3.15,66.9,2.0,2.6226988144917414,1,1,2.2846153846153845
LinearSearch With Reduced Qubits,21,10,1.0,2.176113172541744,3.0,70.24285714285715,7.0,9.73345846615266,1,1,2.098330241187384
LinearSearch With Reduced Qubits,22,23,1.0,2.2888888888888888,3.0,61.8,15.0,15.930301641020923,1,1,2.259259259259259
LinearSearch With Reduced Qubits,23,10,1.0,2.875757575757576,4.0,94.9,1.0,2.6259776598541067,1,1,2.757575757575758
LinearSearch With Reduced Qubits,24,5,1.0,2.9172413793103447,4.0,84.6,1.0,1.975949661922641,1,1,2.7586206896551726
LinearSearch With Reduced Qubits,24,10,1.0,2.7725267379679144,4.25,108.55000000000001,2.0,6.02690194521565,1,1,2.542112299465241
LinearSearch With Reduced Qubits,24,25,1.0,2.517632850241546,4.528571428571429,115.15714285714286,7.0,19.90929826372303,1,1,2.3409247757073848
LinearSearch With Reduced Qubits,24,37,1.0,2.4806034482758617,3.2874999999999996,71.78125,16.0,23.726981607754716,1,1,2.377924876847291
LinearSearch With Reduced Qubits,25,5,1.0,3.05,4.0,91.5,1.0,2.286740160640329,1,1,2.933333333333333
LinearSearch With Reduced Qubits,25,10,1.0,3.2952380952380955,4.6000000000000005,115.33333333333333,1.0,3.2439385622972625,3,3,3.142857142857143
LinearSearch With Reduced Qubits,25,25,1.0,3.694277994174832,6.560714285714285,216.43928571428572,1.8571428571428572,25.010494839280312,7,7,3.4705917381473554
LinearSearch With Reduced Qubits,25,49,1.0,2.6687290259547174,5.2875,150.85,8.0,37.25181420797016,1,1,2.4446179006839133
LinearSearch With Reduced Qubits,25,50,1.0,4.210516201008865,10.392857142857142,395.0095238095238,2.4285714285714284,63.994780956724256,7,7,3.9166259992246077
LinearSearch With Reduced Qubits,34,5,1.0,3.8009615384615385,5.7,157.8,2.0,11.776513168308885,1,1,3.5236013986013988
LinearSearch With Reduced Qubits,39,5,1.0,4.4409090909090905,6.3,195.4,1.0,10.795116236014291,1,1,3.9318181818181817
LinearSearch With Reduced Qubits,39,10,1.0,4.299181367462239,6.733333333333333,239.73333333333335,3.0,36.87606198748108,1,1,3.947999538798571
LinearSearch With Reduced Qubits,41,25,1.0,3.8625178613955704,6.989999999999999,256.05,10.0,135.8274534167489,1,1,3.5830467571644045
LinearSearch With Reduced Qubits,45,48,1.0,4.018020244984918,7.752631578947367,294.5052631578948,19.0,333.4923531444045,1,1,3.663063619804788
LinearSearch With Reduced Qubits,47,10,1.0,5.429706729510343,8.0,337.15,2.0,40.7266210667789,1,1,5.101859125425504
LinearSearch With Reduced Qubits,49,10,1.0,5.633898305084746,8.1,332.4,1.0,24.04348189018201,1,1,5.322033898305085
LinearSearch With Reduced Qubits,50,10,1.0,6.063333333333333,8.9,363.8,1.0,22.79894979908131,3,3,5.605555555555555
LinearSearch With Reduced Qubits,50,25,1.0,6.796017779997718,11.652380952380952,581.4619047619047,2.2857142857142856,68.48198753188231,7,7,6.228470196489913
LinearSearch With Reduced Qubits,50,50,1.0,9.230323238679834,22.5984375,1237.1921875,3.0,98.03515517596097,8,8,8.168583280756252
