algorithm,universe_size,num_test_cases,mean_embedding_over_hitman,median_embedding_over_hitman,mean_log_embedding_over_hitman,median_log_embedding_over_hitman,num_pa_values,count
BinSearch,2,2,91.71876096305618,91.71876096305618,1.962458179181592,1.962458179181592,1,1
BinSearch,4,4,119.47926181860025,119.47926181860025,2.0497972279467533,2.0497972279467533,2,2
BinSearch,4,5,172.66776246521457,172.66776246521457,2.237211261196399,2.237211261196399,1,1
BinSearch,4,6,174.10417132442026,174.10417132442026,2.2408091764165112,2.2408091764165112,1,1
BinSearch,5,5,153.42711202961033,155.03060912299898,2.1778234831014878,2.1904174534066483,3,3
BinSearch,5,6,160.74382244557225,160.74382244557225,2.20613429152826,2.20613429152826,1,1
BinSearch,5,7,108.51520585323537,108.51520585323537,2.0342458307933997,2.0342458307933997,2,2
BinSearch,5,8,140.65002033938566,140.65002033938566,2.1466942696864413,2.1466942696864413,2,2
BinSearch,5,9,144.21574836291182,144.21574836291182,2.1547591489647164,2.1547591489647164,2,2
BinSearch,5,10,124.83835963432723,125.20993640463985,2.08185824627492,2.0943379083407896,4,4
BinSearch,5,12,156.49962398458374,156.49962398458374,2.1936451084252444,2.1936451084252444,2,2
BinSearch,5,13,134.07482455894268,134.07482455894268,2.1273472373522213,2.1273472373522213,1,1
BinSearch,5,14,120.46996769016104,120.46996769016104,2.047968720038962,2.047968720038962,2,2
BinSearch,5,15,134.071217586812,134.071217586812,2.1273355535104876,2.1273355535104876,1,1
BinSearch,5,16,134.52310234498262,134.52310234498262,2.1287968743765453,2.1287968743765453,1,1
BinSearch,5,18,151.42421238938007,151.42421238938007,2.1801953234278812,2.1801953234278812,1,1
BinSearch,5,19,130.54062191062098,130.54062191062098,2.115745677399644,2.115745677399644,1,1
BinSearch,5,20,126.7976157809972,126.7976157809972,2.1031110874401215,2.1031110874401215,1,1
BinSearch,5,22,122.5264660172593,122.5264660172593,2.088229907512697,2.088229907512697,1,1
BinSearch,5,23,136.10055699858128,136.10055699858128,2.1338599025854332,2.1338599025854332,1,1
BinSearch,5,24,114.73979136803752,114.73979136803752,2.059714055872571,2.059714055872571,1,1
BinSearch,5,29,118.51092199200814,118.51092199200814,2.0737583768687973,2.0737583768687973,1,1
BinSearch,6,5,161.66268268034509,161.66268268034509,2.208609781343503,2.208609781343503,1,1
BinSearch,7,5,144.84302627627804,144.84302627627804,2.1608975901709977,2.1608975901709977,1,1
BinSearch,8,5,175.25849788646696,175.25849788646696,2.240439661817133,2.240439661817133,2,2
BinSearch,9,5,178.26661396277365,178.26661396277365,2.251070015474898,2.251070015474898,1,1
BinSearch,9,10,222.8738492592815,222.8738492592815,2.348059113845234,2.348059113845234,1,1
BinSearch,9,11,236.1157593215914,236.1157593215914,2.37312497462076,2.37312497462076,1,1
BinSearch,10,5,161.43506177280952,161.43506177280952,2.2079978642216966,2.2079978642216966,1,1
BinSearch,10,9,274.77390967795765,274.77390967795765,2.4389754932328733,2.4389754932328733,1,1
BinSearch,10,10,315.893521856185,372.1464480420244,2.4484036105102875,2.570713878218256,5,5
BinSearch,10,16,107.1257616699071,107.1257616699071,2.0298939228006234,2.0298939228006234,1,1
BinSearch,10,21,183.1278036478583,183.1278036478583,2.2618462724962507,2.2618462724962507,2,2
BinSearch,10,22,299.4727443149994,299.4727443149994,2.448217155340137,2.448217155340137,2,2
BinSearch,10,24,190.3365533102605,190.3365533102605,2.279522200672577,2.279522200672577,1,1
BinSearch,10,25,555.6948861877971,468.93672302817293,2.669252802583152,2.6625286402455495,4,4
BinSearch,10,29,218.60682927808847,218.60682927808847,2.3396637251876387,2.3396637251876387,1,1
BinSearch,10,36,211.55323213359915,211.55323213359915,2.325419664919324,2.325419664919324,1,1
BinSearch,10,45,123.39108918184024,123.39108918184024,2.0912837977964474,2.0912837977964474,1,1
BinSearch,10,46,832.084945920592,832.084945920592,2.8038290101208077,2.8038290101208077,2,2
BinSearch,10,47,2006.1803315879981,2006.1803315879981,3.302369968312422,3.302369968312422,1,1
BinSearch,10,48,1956.523917281187,1956.523917281187,3.119922124767252,3.119922124767252,2,2
BinSearch,12,9,233.1263945510621,233.1263945510621,2.3675914470914052,2.3675914470914052,1,1
BinSearch,15,5,697.855927246324,697.855927246324,2.843765771534704,2.843765771534704,1,1
BinSearch,16,5,459.5693679611402,459.5693679611402,2.6623510736095004,2.6623510736095004,1,1
BinSearch,20,10,1285.3810161163397,1285.3810161163397,3.1090318814959326,3.1090318814959326,1,1
BinSearch,21,5,790.2748392723621,790.2748392723621,2.897778155115394,2.897778155115394,1,1
BinSearch,21,10,65.67847610196016,65.67847610196016,1.8174230675558143,1.8174230675558143,1,1
BinSearch,22,23,385.70565731569314,385.70565731569314,2.5862560089026716,2.5862560089026716,1,1
BinSearch,23,10,2151.911028998083,2151.911028998083,3.3328243114118195,3.3328243114118195,1,1
BinSearch,24,5,980.8789660896964,980.8789660896964,2.991615421648978,2.991615421648978,1,1
BinSearch,24,10,3209.597649053568,3209.597649053568,3.5064505932311865,3.5064505932311865,1,1
BinSearch,24,25,1612.97347952891,1612.97347952891,3.2076272267883263,3.2076272267883263,1,1
BinSearch,24,37,629.8960798746419,629.8960798746419,2.7992689055495394,2.7992689055495394,1,1
BinSearch,25,5,316.5416831076595,316.5416831076595,2.5004309072498687,2.5004309072498687,1,1
BinSearch,25,10,1331.7190886781684,1511.4822342909301,3.0143764543106273,3.179403046919368,3,3
BinSearch,25,25,4390.236344442444,2184.9324876972546,3.350833938029592,3.3394380222339017,7,7
BinSearch,25,49,2610.901047877509,2610.901047877509,3.4167904125449384,3.4167904125449384,1,1
BinSearch,25,50,6901.414629093501,5907.825413180441,3.7226423032409395,3.7714276526499733,7,7
BinSearch,34,5,1149.3446344660797,1149.3446344660797,3.0604502727307508,3.0604502727307508,1,1
BinSearch,39,5,1974.6388593804065,1974.6388593804065,3.2954876793449377,3.2954876793449377,1,1
BinSearch,39,10,5701.504417992401,5701.504417992401,3.7559894651858508,3.7559894651858508,1,1
BinSearch,41,25,2061.288338493873,2061.288338493873,3.314138746295537,3.314138746295537,1,1
BinSearch,45,48,1118.7082894103596,1118.7082894103596,3.0487168561303726,3.0487168561303726,1,1
BinSearch,47,10,2920.8094952437723,2920.8094952437723,3.4655032317895564,3.4655032317895564,1,1
BinSearch,49,10,12296.932289472124,12296.932289472124,4.089796781689546,4.089796781689546,1,1
BinSearch,50,10,1443.0758848065846,1260.99846028266,3.0370881881140437,3.100714556286701,3,3
BinSearch,50,25,4385.064219863636,2135.127193710611,3.3696586004434925,3.3294237519049705,7,7
BinSearch,50,50,588.915178397941,270.70906820910085,2.5017368026720246,2.4316579322552183,8,8
LinearSearch,2,2,90.2442679481614,90.2442679481614,1.9554196263461798,1.9554196263461798,1,1
LinearSearch,4,4,281.5801600576692,281.5801600576692,2.288849502873858,2.288849502873858,2,2
LinearSearch,4,5,520.4896264817261,520.4896264817261,2.7164120783123353,2.7164120783123353,1,1
LinearSearch,4,6,353.37648746062416,353.37648746062416,2.5482376495716976,2.5482376495716976,1,1
LinearSearch,5,5,292.5169782510852,228.47660951194328,2.431725381757747,2.358841745415946,3,3
LinearSearch,5,6,649.7359235369426,649.7359235369426,2.81273687933037,2.81273687933037,1,1
LinearSearch,5,7,137.23851673437406,137.23851673437406,2.137377652841875,2.137377652841875,2,2
LinearSearch,5,8,380.1845109358817,380.1845109358817,2.5093898636389627,2.5093898636389627,2,2
LinearSearch,5,9,283.6246044471875,283.6246044471875,2.425956776322008,2.425956776322008,2,2
LinearSearch,5,10,381.4671853511262,373.27341273171635,2.502991160919376,2.4990299173196027,4,4
LinearSearch,5,12,344.02723243759874,344.02723243759874,2.4375563445098565,2.4375563445098565,2,2
LinearSearch,5,13,159.01123311523662,159.01123311523662,2.201427805504391,2.201427805504391,1,1
LinearSearch,5,14,278.1996458377338,278.1996458377338,2.2817765158960968,2.2817765158960968,2,2
LinearSearch,5,15,408.71026103239893,408.71026103239893,2.6114155411971534,2.6114155411971534,1,1
LinearSearch,5,16,534.3942006822471,534.3942006822471,2.7278617364723448,2.7278617364723448,1,1
LinearSearch,5,18,301.0217906909624,301.0217906909624,2.478597934913038,2.478597934913038,1,1
LinearSearch,5,19,516.2346066377503,516.2346066377503,2.712847114831584,2.712847114831584,1,1
LinearSearch,5,20,391.70203343141554,391.70203343141554,2.59295582609587,2.59295582609587,1,1
LinearSearch,5,22,498.2382632402518,498.2382632402518,2.6974370770276477,2.6974370770276477,1,1
LinearSearch,5,23,278.6881334376342,278.6881334376342,2.445118476817055,2.445118476817055,1,1
LinearSearch,5,24,334.67548537081166,334.67548537081166,2.5246239019081713,2.5246239019081713,1,1
LinearSearch,5,29,459.9927762772857,459.9927762772857,2.662751011579641,2.662751011579641,1,1
LinearSearch,6,5,493.62247146220454,493.62247146220454,2.6933949221164912,2.6933949221164912,1,1
LinearSearch,7,5,561.1171005185739,561.1171005185739,2.749053504398088,2.749053504398088,1,1
LinearSearch,8,5,494.43810747192526,494.43810747192526,2.683323209701019,2.683323209701019,2,2
LinearSearch,9,5,266.319755715516,266.319755715516,2.4254033837892828,2.4254033837892828,1,1
LinearSearch,9,10,804.5429309135072,804.5429309135072,2.9055492232789244,2.9055492232789244,1,1
LinearSearch,9,11,1731.9487684123583,1731.9487684123583,3.2385350413047655,3.2385350413047655,1,1
LinearSearch,10,5,269.5028232751998,269.5028232751998,2.430563319158119,2.430563319158119,1,1
LinearSearch,10,9,561.819738679274,561.819738679274,2.7495969934081455,2.7495969934081455,1,1
LinearSearch,10,10,749.4326047621539,752.6091599867889,2.8403929579099345,2.87656949980376,5,5
LinearSearch,10,16,723.0746270840168,723.0746270840168,2.8591831222715482,2.8591831222715482,1,1
LinearSearch,10,21,952.5832117286334,952.5832117286334,2.9654433106172653,2.9654433106172653,2,2
LinearSearch,10,22,2240.8843606206365,2240.8843606206365,3.33956877566324,3.33956877566324,2,2
LinearSearch,10,24,986.8947762584692,986.8947762584692,2.9942708502117505,2.9942708502117505,1,1
LinearSearch,10,25,1585.5178824054915,1436.2285345339546,3.156034070012022,3.133185164735088,4,4
LinearSearch,10,29,1159.373558869365,1159.373558869365,3.0642233914566357,3.0642233914566357,1,1
LinearSearch,10,36,1485.029592875375,1485.029592875375,3.171735108127927,3.171735108127927,1,1
LinearSearch,10,45,923.0857305965523,923.0857305965523,2.9652420375333177,2.9652420375333177,1,1
LinearSearch,10,46,1847.212060037063,1847.212060037063,3.1777347570191754,3.1777347570191754,2,2
LinearSearch,10,47,9480.51637037106,9480.51637037106,3.976831992474737,3.976831992474737,1,1
LinearSearch,10,48,6249.415216581024,6249.415216581024,3.6260339742088554,3.6260339742088554,2,2
LinearSearch,12,9,1164.4259010154788,1164.4259010154788,3.0661118571441506,3.0661118571441506,1,1
LinearSearch,15,5,1803.556080544024,1803.556080544024,3.256129651002971,3.256129651002971,1,1
LinearSearch,16,5,698.7712695144874,698.7712695144874,2.844335040346993,2.844335040346993,1,1
LinearSearch,20,10,3876.4946378051786,3876.4946378051786,3.5884391875644273,3.5884391875644273,1,1
LinearSearch,21,5,1915.0650178950154,1915.0650178950154,3.282183523178762,3.282183523178762,1,1
LinearSearch,21,10,416.8572319881294,416.8572319881294,2.619987340402588,2.619987340402588,1,1
LinearSearch,22,23,5708.32845472687,5708.32845472687,3.75650895427646,3.75650895427646,1,1
LinearSearch,23,10,6344.898756505528,6344.898756505528,3.8024246965896773,3.8024246965896773,1,1
LinearSearch,24,5,1582.467800470119,1582.467800470119,3.199334881899364,3.199334881899364,1,1
LinearSearch,24,10,7451.251858865067,7451.251858865067,3.8722292431811125,3.8722292431811125,1,1
LinearSearch,24,25,5873.497106758744,5873.497106758744,3.768896759158312,3.768896759158312,1,1
LinearSearch,24,37,9733.04841660823,9733.04841660823,3.9882488837589873,3.9882488837589873,1,1
LinearSearch,25,5,786.3415462336737,786.3415462336737,2.8956112221541437,2.8956112221541437,1,1
LinearSearch,25,10,7198.244470439956,7968.749610182479,3.7905451628294458,3.9013901808691385,3,3
LinearSearch,25,25,11095.675252310359,5738.475921424838,3.8139504887804825,3.7587965636864658,7,7
LinearSearch,25,49,21805.388004718207,21805.388004718207,4.338563818907133,4.338563818907133,1,1
LinearSearch,25,50,11551.134785608916,12930.445965759038,3.9922599679655084,4.111613503776633,7,7
LinearSearch,34,5,2682.420833838508,2682.420833838508,3.4285269135142755,3.4285269135142755,1,1
LinearSearch,39,5,2752.9091992345184,2752.9091992345184,3.439791887048377,3.439791887048377,1,1
LinearSearch,39,10,11848.772237969151,11848.772237969151,4.073673351367262,4.073673351367262,1,1
LinearSearch,41,25,20723.565286667068,20723.565286667068,4.316464473617894,4.316464473617894,1,1
LinearSearch,45,48,21553.05526905576,21553.05526905576,4.3335088425914305,4.3335088425914305,1,1
LinearSearch,47,10,4324.651663811835,4324.651663811835,3.6359511322455176,3.6359511322455176,1,1
LinearSearch,49,10,15608.732241998698,15608.732241998698,4.1933676306304575,4.1933676306304575,1,1
LinearSearch,50,10,1961.7841351211744,1989.9366726785013,3.18039934417035,3.2988392557343955,3,3
LinearSearch,50,25,6246.502235008767,4208.961996847747,3.5183378684083637,3.624175004476029,7,7
LinearSearch,50,50,1016.4937270179859,603.575666275191,2.754921408483967,2.779814194038976,8,8
LinearSearch With Preprocessing,2,2,93.5279394386747,93.5279394386747,1.9709413662964144,1.9709413662964144,1,1
LinearSearch With Preprocessing,4,4,118.53688757331989,118.53688757331989,2.044038136831822,2.044038136831822,2,2
LinearSearch With Preprocessing,4,5,169.10629765818044,169.10629765818044,2.2281597813904424,2.2281597813904424,1,1
LinearSearch With Preprocessing,4,6,176.48889301764615,176.48889301764615,2.2467173791186426,2.2467173791186426,1,1
LinearSearch With Preprocessing,5,5,155.26758814266273,150.39242730960186,2.186214534712793,2.1772259688378894,3,3
LinearSearch With Preprocessing,5,6,162.4604681840655,162.4604681840655,2.210747700470307,2.210747700470307,1,1
LinearSearch With Preprocessing,5,7,134.82312945661116,134.82312945661116,2.129521417896078,2.129521417896078,2,2
LinearSearch With Preprocessing,5,8,154.55577154576636,154.55577154576636,2.1878609520504115,2.1878609520504115,2,2
LinearSearch With Preprocessing,5,9,159.73992863017196,159.73992863017196,2.1948172518525455,2.1948172518525455,2,2
LinearSearch With Preprocessing,5,10,134.7908646888817,143.90757123102816,2.114557649481843,2.157753974120301,4,4
LinearSearch With Preprocessing,5,12,134.23609906663324,134.23609906663324,2.1278594810975857,2.1278594810975857,2,2
LinearSearch With Preprocessing,5,13,155.78332475613507,155.78332475613507,2.1925209683983526,2.1925209683983526,1,1
LinearSearch With Preprocessing,5,14,117.17981424826314,117.17981424826314,2.035111191783348,2.035111191783348,2,2
LinearSearch With Preprocessing,5,15,133.72804730140277,133.72804730140277,2.126222503084865,2.126222503084865,1,1
LinearSearch With Preprocessing,5,16,135.901427210706,135.901427210706,2.1332240176393316,2.1332240176393316,1,1
LinearSearch With Preprocessing,5,18,150.39978026564242,150.39978026564242,2.17724720175619,2.17724720175619,1,1
LinearSearch With Preprocessing,5,19,130.54578101195415,130.54578101195415,2.115762840830721,2.115762840830721,1,1
LinearSearch With Preprocessing,5,20,129.00504765803655,129.00504765803655,2.110606703538368,2.110606703538368,1,1
LinearSearch With Preprocessing,5,22,125.90510749509225,125.90510749509225,2.100043348158997,2.100043348158997,1,1
LinearSearch With Preprocessing,5,23,135.99288184360591,135.99288184360591,2.1335161770749376,2.1335161770749376,1,1
LinearSearch With Preprocessing,5,24,107.65980371037632,107.65980371037632,2.032053583663178,2.032053583663178,1,1
LinearSearch With Preprocessing,5,29,114.52409598733776,114.52409598733776,2.058896872300533,2.058896872300533,1,1
LinearSearch With Preprocessing,6,5,165.51296978406734,165.51296978406734,2.218832031258127,2.218832031258127,1,1
LinearSearch With Preprocessing,7,5,141.9584671577265,141.9584671577265,2.1521613012703438,2.1521613012703438,1,1
LinearSearch With Preprocessing,8,5,169.79965477718963,169.79965477718963,2.225092064586991,2.225092064586991,2,2
LinearSearch With Preprocessing,9,5,280.8342042761999,280.8342042761999,2.4484500016919286,2.4484500016919286,1,1
LinearSearch With Preprocessing,9,10,205.93867505372424,205.93867505372424,2.3137379142997454,2.3137379142997454,1,1
LinearSearch With Preprocessing,9,11,225.07998234580083,225.07998234580083,2.352336872420982,2.352336872420982,1,1
LinearSearch With Preprocessing,10,5,302.0782517747355,302.0782517747355,2.480119459222615,2.480119459222615,1,1
LinearSearch With Preprocessing,10,9,275.1537288751691,275.1537288751691,2.4395754027341763,2.4395754027341763,1,1
LinearSearch With Preprocessing,10,10,651.4271343140265,564.961266963683,2.7724982173191206,2.7520186741551784,5,5
LinearSearch With Preprocessing,10,16,715.1242167914614,715.1242167914614,2.85438148513214,2.85438148513214,1,1
LinearSearch With Preprocessing,10,21,462.1937252622812,462.1937252622812,2.579956987150953,2.579956987150953,2,2
LinearSearch With Preprocessing,10,22,1467.5521725963333,1467.5521725963333,2.8618654399295522,2.8618654399295522,2,2
LinearSearch With Preprocessing,10,24,189.07129321760578,189.07129321760578,2.276625594719664,2.276625594719664,1,1
LinearSearch With Preprocessing,10,25,1356.7367335564393,1263.1507020227298,2.9481110496801852,3.0384546705502213,4,4
LinearSearch With Preprocessing,10,29,1049.7999660074656,1049.7999660074656,3.0211065543698576,3.0211065543698576,1,1
LinearSearch With Preprocessing,10,36,198.25061789044395,198.25061789044395,2.2972145495658887,2.2972145495658887,1,1
LinearSearch With Preprocessing,10,45,121.35998826795458,121.35998826795458,2.0840755257975374,2.0840755257975374,1,1
LinearSearch With Preprocessing,10,46,1130.8746252574806,1130.8746252574806,2.888796794695142,2.888796794695142,2,2
LinearSearch With Preprocessing,10,47,9536.618215665358,9536.618215665358,3.9793943966484373,3.9793943966484373,1,1
LinearSearch With Preprocessing,10,48,6017.378995525373,6017.378995525373,3.606987414333596,3.606987414333596,2,2
LinearSearch With Preprocessing,12,9,227.7288720438313,227.7288720438313,2.3574180950633155,2.3574180950633155,1,1
LinearSearch With Preprocessing,15,5,787.5022484710418,787.5022484710418,2.896251802458724,2.896251802458724,1,1
LinearSearch With Preprocessing,16,5,765.1043161825537,765.1043161825537,2.8837206519564216,2.8837206519564216,1,1
LinearSearch With Preprocessing,20,10,1293.3244863012703,1293.3244863012703,3.111707500078165,3.111707500078165,1,1
LinearSearch With Preprocessing,21,5,944.4722328678076,944.4722328678076,2.9751891943496402,2.9751891943496402,1,1
LinearSearch With Preprocessing,21,10,60.43916140496485,60.43916140496485,1.7813184298611435,1.7813184298611435,1,1
LinearSearch With Preprocessing,22,23,390.4988060191625,390.4988060191625,2.5916197103261918,2.5916197103261918,1,1
LinearSearch With Preprocessing,23,10,6123.075693928524,6123.075693928524,3.7869696282504677,3.7869696282504677,1,1
LinearSearch With Preprocessing,24,5,1655.2028890976428,1655.2028890976428,3.2188512357039967,3.2188512357039967,1,1
LinearSearch With Preprocessing,24,10,4062.068060296428,4062.068060296428,3.60874719577088,3.60874719577088,1,1
LinearSearch With Preprocessing,24,25,1601.2913529786413,1601.2913529786413,3.2044703584521326,3.2044703584521326,1,1
LinearSearch With Preprocessing,24,37,619.9975386124138,619.9975386124138,2.7923899653547224,2.7923899653547224,1,1
LinearSearch With Preprocessing,25,5,824.30787566841,824.30787566841,2.916089449234762,2.916089449234762,1,1
LinearSearch With Preprocessing,25,10,7137.510917807104,7939.284681503042,3.784977599540993,3.89978137486156,3,3
LinearSearch With Preprocessing,25,25,10959.172564630733,4679.317714151398,3.799594145179579,3.670182533719307,7,7
LinearSearch With Preprocessing,25,49,2575.568698135244,2575.568698135244,3.4108731383064423,3.4108731383064423,1,1
LinearSearch With Preprocessing,25,50,10955.983020367665,12057.938065396242,3.932822048609107,4.081273048817308,7,7
LinearSearch With Preprocessing,34,5,1348.180060529531,1348.180060529531,3.129747899671218,3.129747899671218,1,1
LinearSearch With Preprocessing,39,5,2795.816694636124,2795.816694636124,3.446508693855607,3.446508693855607,1,1
LinearSearch With Preprocessing,39,10,7835.061185858528,7835.061185858528,3.8940423923268885,3.8940423923268885,1,1
LinearSearch With Preprocessing,41,25,2062.561652645455,2062.561652645455,3.31440693904189,3.31440693904189,1,1
LinearSearch With Preprocessing,45,48,1186.5594091841824,1186.5594091841824,3.074289487547013,3.074289487547013,1,1
LinearSearch With Preprocessing,47,10,4314.086404328056,4314.086404328056,3.634888839085287,3.634888839085287,1,1
LinearSearch With Preprocessing,49,10,15489.447578740705,15489.447578740705,4.190035929199974,4.190035929199974,1,1
LinearSearch With Preprocessing,50,10,1957.1169053394385,2000.0493679086348,3.179202772485963,3.3010407156368413,3,3
LinearSearch With Preprocessing,50,25,4895.351820220632,2584.877182772502,3.4508909621545807,3.4124399129575056,7,7
LinearSearch With Preprocessing,50,50,975.8005729047679,463.67782898979914,2.709602229613291,2.6535272200852242,8,8
LinearSearch With Preprocessing and Reduced Qubits,2,2,93.4623959584374,93.4623959584374,1.9706369102089203,1.9706369102089203,1,1
LinearSearch With Preprocessing and Reduced Qubits,4,4,120.50758463984522,120.50758463984522,2.0521020126586924,2.0521020126586924,2,2
LinearSearch With Preprocessing and Reduced Qubits,4,5,173.87322644416963,173.87322644416963,2.2402327131029836,2.2402327131029836,1,1
LinearSearch With Preprocessing and Reduced Qubits,4,6,188.05349516547338,188.05349516547338,2.274281409643998,2.274281409643998,1,1
LinearSearch With Preprocessing and Reduced Qubits,5,5,151.49798730792318,158.41799091579446,2.172874326477744,2.1998045011966245,3,3
LinearSearch With Preprocessing and Reduced Qubits,5,6,164.46912827075545,164.46912827075545,2.2160843905596703,2.2160843905596703,1,1
LinearSearch With Preprocessing and Reduced Qubits,5,7,107.42318587742352,107.42318587742352,2.0299541609979377,2.0299541609979377,2,2
LinearSearch With Preprocessing and Reduced Qubits,5,8,138.59408811530346,138.59408811530346,2.1408004666018887,2.1408004666018887,2,2
LinearSearch With Preprocessing and Reduced Qubits,5,9,138.74173445697318,138.74173445697318,2.1396054442079793,2.1396054442079793,2,2
LinearSearch With Preprocessing and Reduced Qubits,5,10,121.17974880437372,126.3668328279281,2.0740151484026175,2.099009952958993,4,4
LinearSearch With Preprocessing and Reduced Qubits,5,12,140.61049770822092,140.61049770822092,2.1477636704333043,2.1477636704333043,2,2
LinearSearch With Preprocessing and Reduced Qubits,5,13,133.7534546076629,133.7534546076629,2.12630500787663,2.12630500787663,1,1
LinearSearch With Preprocessing and Reduced Qubits,5,14,119.18009539672784,119.18009539672784,2.040185712239844,2.040185712239844,2,2
LinearSearch With Preprocessing and Reduced Qubits,5,15,135.43528176476738,135.43528176476738,2.131731815608268,2.131731815608268,1,1
LinearSearch With Preprocessing and Reduced Qubits,5,16,136.42428051814326,136.42428051814326,2.134891672060722,2.134891672060722,1,1
LinearSearch With Preprocessing and Reduced Qubits,5,18,154.16309232601984,154.16309232601984,2.1879804131642047,2.1879804131642047,1,1
LinearSearch With Preprocessing and Reduced Qubits,5,19,131.11394910929351,131.11394910929351,2.117648898399933,2.117648898399933,1,1
LinearSearch With Preprocessing and Reduced Qubits,5,20,129.47002963080308,129.47002963080308,2.1121692474007108,2.1121692474007108,1,1
LinearSearch With Preprocessing and Reduced Qubits,5,22,122.66517693670134,122.66517693670134,2.0887212896217564,2.0887212896217564,1,1
LinearSearch With Preprocessing and Reduced Qubits,5,23,151.44190645608984,151.44190645608984,2.1802460681964733,2.1802460681964733,1,1
LinearSearch With Preprocessing and Reduced Qubits,5,24,108.38771910608935,108.38771910608935,2.0349800771655593,2.0349800771655593,1,1
LinearSearch With Preprocessing and Reduced Qubits,5,29,117.3755073937106,117.3755073937106,2.0695774826626243,2.0695774826626243,1,1
LinearSearch With Preprocessing and Reduced Qubits,6,5,157.40588479145805,157.40588479145805,2.197020964906504,2.197020964906504,1,1
LinearSearch With Preprocessing and Reduced Qubits,7,5,138.79088526610778,138.79088526610778,2.142360945887995,2.142360945887995,1,1
LinearSearch With Preprocessing and Reduced Qubits,8,5,171.19829937064748,171.19829937064748,2.22915427694896,2.22915427694896,2,2
LinearSearch With Preprocessing and Reduced Qubits,9,5,167.93184436507332,167.93184436507332,2.2251330577883826,2.2251330577883826,1,1
LinearSearch With Preprocessing and Reduced Qubits,9,10,220.2645251755802,220.2645251755802,2.3429445572480665,2.3429445572480665,1,1
LinearSearch With Preprocessing and Reduced Qubits,9,11,219.2068165985641,219.2068165985641,2.3408540551307144,2.3408540551307144,1,1
LinearSearch With Preprocessing and Reduced Qubits,10,5,155.187598677329,155.187598677329,2.190857013050507,2.190857013050507,1,1
LinearSearch With Preprocessing and Reduced Qubits,10,9,285.90341884781867,285.90341884781867,2.4562193487059827,2.4562193487059827,1,1
LinearSearch With Preprocessing and Reduced Qubits,10,10,314.8878043745661,368.83274665298404,2.4527404019255044,2.5668294727392373,5,5
LinearSearch With Preprocessing and Reduced Qubits,10,16,101.53742294708839,101.53742294708839,2.0066261366742846,2.0066261366742846,1,1
LinearSearch With Preprocessing and Reduced Qubits,10,21,193.5720220445845,193.5720220445845,2.2868358643240505,2.2868358643240505,2,2
LinearSearch With Preprocessing and Reduced Qubits,10,22,303.7988172096091,303.7988172096091,2.4487612550905844,2.4487612550905844,2,2
LinearSearch With Preprocessing and Reduced Qubits,10,24,183.6141437001941,183.6141437001941,2.263906131630172,2.263906131630172,1,1
LinearSearch With Preprocessing and Reduced Qubits,10,25,573.5052257034124,454.95655551148013,2.681177704940044,2.6553408430933323,4,4
LinearSearch With Preprocessing and Reduced Qubits,10,29,244.0617244134894,244.0617244134894,2.3874996754466786,2.3874996754466786,1,1
LinearSearch With Preprocessing and Reduced Qubits,10,36,189.45335016203913,189.45335016203913,2.277502289444856,2.277502289444856,1,1
LinearSearch With Preprocessing and Reduced Qubits,10,45,133.35151748741566,133.35151748741566,2.124997962155578,2.124997962155578,1,1
LinearSearch With Preprocessing and Reduced Qubits,10,46,803.9217700024666,803.9217700024666,2.7923782048885206,2.7923782048885206,2,2
LinearSearch With Preprocessing and Reduced Qubits,10,47,2072.797866187595,2072.797866187595,3.3165569528998016,3.3165569528998016,1,1
LinearSearch With Preprocessing and Reduced Qubits,10,48,2121.1342328164137,2121.1342328164137,3.154159248641556,3.154159248641556,2,2
LinearSearch With Preprocessing and Reduced Qubits,12,9,230.1092432999042,230.1092432999042,2.3619340642746516,2.3619340642746516,1,1
LinearSearch With Preprocessing and Reduced Qubits,15,5,658.0264048375095,658.0264048375095,2.818243321038995,2.818243321038995,1,1
LinearSearch With Preprocessing and Reduced Qubits,16,5,393.2831871880829,393.2831871880829,2.594705380767086,2.594705380767086,1,1
LinearSearch With Preprocessing and Reduced Qubits,20,10,1317.7107152470264,1317.7107152470264,3.1198200775104863,3.1198200775104863,1,1
LinearSearch With Preprocessing and Reduced Qubits,21,5,809.0048195173322,809.0048195173322,2.907951108860475,2.907951108860475,1,1
LinearSearch With Preprocessing and Reduced Qubits,21,10,57.21713835318331,57.21713835318331,1.7575261332930479,1.7575261332930479,1,1
LinearSearch With Preprocessing and Reduced Qubits,22,23,391.28988703930406,391.28988703930406,2.5924986236235967,2.5924986236235967,1,1
LinearSearch With Preprocessing and Reduced Qubits,23,10,2118.6700669097086,2118.6700669097086,3.3260633308134517,3.3260633308134517,1,1
LinearSearch With Preprocessing and Reduced Qubits,24,5,902.6500364923477,902.6500364923477,2.9555194040460955,2.9555194040460955,1,1
LinearSearch With Preprocessing and Reduced Qubits,24,10,3014.1953976753616,3014.1953976753616,3.479171402385352,3.479171402385352,1,1
LinearSearch With Preprocessing and Reduced Qubits,24,25,1718.8321567668777,1718.8321567668777,3.235233470085107,3.235233470085107,1,1
LinearSearch With Preprocessing and Reduced Qubits,24,37,617.9026287867061,617.9026287867061,2.7909200428684238,2.7909200428684238,1,1
LinearSearch With Preprocessing and Reduced Qubits,25,5,293.393042412567,293.393042412567,2.4674498106742746,2.4674498106742746,1,1
LinearSearch With Preprocessing and Reduced Qubits,25,10,1337.7984912106895,1466.9781397608588,3.0032359753535727,3.166423642233367,3,3
LinearSearch With Preprocessing and Reduced Qubits,25,25,4640.369193071066,2913.8803077063344,3.375696410026253,3.464471708459969,7,7
LinearSearch With Preprocessing and Reduced Qubits,25,49,2747.3938059135235,2747.3938059135235,3.4389209147818485,3.4389209147818485,1,1
LinearSearch With Preprocessing and Reduced Qubits,25,50,7344.2467900165575,6170.460176619798,3.771300866371587,3.79031755377624,7,7
LinearSearch With Preprocessing and Reduced Qubits,34,5,1134.502319692057,1134.502319692057,3.054805388214346,3.054805388214346,1,1
LinearSearch With Preprocessing and Reduced Qubits,39,5,1970.9679491509742,1970.9679491509742,3.294679562067384,3.294679562067384,1,1
LinearSearch With Preprocessing and Reduced Qubits,39,10,5639.4147772877595,5639.4147772877595,3.751234037993702,3.751234037993702,1,1
LinearSearch With Preprocessing and Reduced Qubits,41,25,2086.845610093949,2086.845610093949,3.319490320093523,3.319490320093523,1,1
LinearSearch With Preprocessing and Reduced Qubits,45,48,1186.0780543959777,1186.0780543959777,3.0741132703756735,3.0741132703756735,1,1
LinearSearch With Preprocessing and Reduced Qubits,47,10,2919.6019710278338,2919.6019710278338,3.4653236481714336,3.4653236481714336,1,1
LinearSearch With Preprocessing and Reduced Qubits,49,10,12092.205195093366,12092.205195093366,4.082505508199864,4.082505508199864,1,1
LinearSearch With Preprocessing and Reduced Qubits,50,10,1442.4197624525343,1259.4481250698825,3.034361447843241,3.1001802842121906,3,3
LinearSearch With Preprocessing and Reduced Qubits,50,25,4486.079360000017,2143.34948480927,3.3954313741949926,3.33109299089685,7,7
LinearSearch With Preprocessing and Reduced Qubits,50,50,631.430632036872,319.828464293752,2.5636962565553967,2.5025550880099736,8,8
LinearSearch With Reduced Qubits,2,2,94.48609822533824,94.48609822533824,1.9753679153081791,1.9753679153081791,1,1
LinearSearch With Reduced Qubits,4,4,282.43378782221345,282.43378782221345,2.2966514432531264,2.2966514432531264,2,2
LinearSearch With Reduced Qubits,4,5,514.0248592568186,514.0248592568186,2.7109841228436604,2.7109841228436604,1,1
LinearSearch With Reduced Qubits,4,6,357.06551858740664,357.06551858740664,2.552747912894696,2.552747912894696,1,1
LinearSearch With Reduced Qubits,5,5,291.7754170257305,231.18434947623157,2.430986707585112,2.3639584302436876,3,3
LinearSearch With Reduced Qubits,5,6,651.6127314151355,651.6127314151355,2.813989561103392,2.813989561103392,1,1
LinearSearch With Reduced Qubits,5,7,108.42508946946069,108.42508946946069,2.034326172465244,2.034326172465244,2,2
LinearSearch With Reduced Qubits,5,8,356.37168762436266,356.37168762436266,2.438244874426612,2.438244874426612,2,2
LinearSearch With Reduced Qubits,5,9,272.3106713386045,272.3106713386045,2.3890984312362455,2.3890984312362455,2,2
LinearSearch With Reduced Qubits,5,10,364.40957392930545,369.3921825343296,2.449903433505705,2.4930628263428476,4,4
LinearSearch With Reduced Qubits,5,12,338.1905864979161,338.1905864979161,2.4327760912811787,2.4327760912811787,2,2
LinearSearch With Reduced Qubits,5,13,136.64268020804732,136.64268020804732,2.1355863719979937,2.1355863719979937,1,1
LinearSearch With Reduced Qubits,5,14,275.0762870541583,275.0762870541583,2.2689913816300074,2.2689913816300074,2,2
LinearSearch With Reduced Qubits,5,15,410.07781123084317,410.07781123084317,2.6128662708237704,2.6128662708237704,1,1
LinearSearch With Reduced Qubits,5,16,543.3515395664424,543.3515395664424,2.735080901957053,2.735080901957053,1,1
LinearSearch With Reduced Qubits,5,18,295.86685386829595,295.86685386829595,2.4710963136309214,2.4710963136309214,1,1
LinearSearch With Reduced Qubits,5,19,523.1944494740271,523.1944494740271,2.718663127948368,2.718663127948368,1,1
LinearSearch With Reduced Qubits,5,20,392.64006646307297,392.64006646307297,2.5939946145627153,2.5939946145627153,1,1
LinearSearch With Reduced Qubits,5,22,491.46399450485353,491.46399450485353,2.6914917061763988,2.6914917061763988,1,1
LinearSearch With Reduced Qubits,5,23,276.5116650982929,276.5116650982929,2.4417134574553487,2.4417134574553487,1,1
LinearSearch With Reduced Qubits,5,24,323.9045039682431,323.9045039682431,2.510416987020889,2.510416987020889,1,1
LinearSearch With Reduced Qubits,5,29,472.90734732267015,472.90734732267015,2.6747760614833105,2.6747760614833105,1,1
LinearSearch With Reduced Qubits,6,5,477.83783285050487,477.83783285050487,2.6792805320788204,2.6792805320788204,1,1
LinearSearch With Reduced Qubits,7,5,554.6220751714029,554.6220751714029,2.743997151456956,2.743997151456956,1,1
LinearSearch With Reduced Qubits,8,5,491.2501822116841,491.2501822116841,2.6777475234816297,2.6777475234816297,2,2
LinearSearch With Reduced Qubits,9,5,163.18063311552226,163.18063311552226,2.212668613794282,2.212668613794282,1,1
LinearSearch With Reduced Qubits,9,10,799.3564572164577,799.3564572164577,2.902740487550377,2.902740487550377,1,1
LinearSearch With Reduced Qubits,9,11,1760.5942422171754,1760.5942422171754,3.2456592772222246,3.2456592772222246,1,1
LinearSearch With Reduced Qubits,10,5,149.20981321552793,149.20981321552793,2.1737973867125007,2.1737973867125007,1,1
LinearSearch With Reduced Qubits,10,9,565.0433931392809,565.0433931392809,2.752081801231162,2.752081801231162,1,1
LinearSearch With Reduced Qubits,10,10,372.3111063776081,394.45746711562083,2.5085496642680196,2.5960001817087583,5,5
LinearSearch With Reduced Qubits,10,16,107.99685072206056,107.99685072206056,2.0334110912848358,2.0334110912848358,1,1
LinearSearch With Reduced Qubits,10,21,683.1765587704044,683.1765587704044,2.6795605172974097,2.6795605172974097,2,2
LinearSearch With Reduced Qubits,10,22,1053.7910942992396,1053.7910942992396,2.9128159501668254,2.9128159501668254,2,2
LinearSearch With Reduced Qubits,10,24,960.4022323749094,960.4022323749094,2.9824531608679745,2.9824531608679745,1,1
LinearSearch With Reduced Qubits,10,25,775.8119228827535,819.4549255211693,2.8576146718407403,2.905920852517862,4,4
LinearSearch With Reduced Qubits,10,29,243.07443979177773,243.07443979177773,2.3857392935171338,2.3857392935171338,1,1
LinearSearch With Reduced Qubits,10,36,1438.0804459300466,1438.0804459300466,3.1577831810724555,3.1577831810724555,1,1
LinearSearch With Reduced Qubits,10,45,882.5456291214242,882.5456291214242,2.9457371684096607,2.9457371684096607,1,1
LinearSearch With Reduced Qubits,10,46,1217.2513778787911,1217.2513778787911,3.044731590818511,3.044731590818511,2,2
LinearSearch With Reduced Qubits,10,47,2159.03279636996,2159.03279636996,3.334259239450738,3.334259239450738,1,1
LinearSearch With Reduced Qubits,10,48,2149.242478081192,2149.242478081192,3.15215390087018,3.15215390087018,2,2
LinearSearch With Reduced Qubits,12,9,1150.9003693415532,1150.9003693415532,3.061037729435561,3.061037729435561,1,1
LinearSearch With Reduced Qubits,15,5,1251.3163408058872,1251.3163408058872,3.097367116008011,3.097367116008011,1,1
LinearSearch With Reduced Qubits,16,5,391.4809009921402,391.4809009921402,2.592710579176086,2.592710579176086,1,1
LinearSearch With Reduced Qubits,20,10,3587.419298990641,3587.419298990641,3.5547821401540642,3.5547821401540642,1,1
LinearSearch With Reduced Qubits,21,5,1497.093721160708,1497.093721160708,3.1752489889263,3.1752489889263,1,1
LinearSearch With Reduced Qubits,21,10,396.77182587362836,396.77182587362836,2.598540826027473,2.598540826027473,1,1
LinearSearch With Reduced Qubits,22,23,5824.690627814383,5824.690627814383,3.7652728632257815,3.7652728632257815,1,1
LinearSearch With Reduced Qubits,23,10,2062.4162324118297,2062.4162324118297,3.3143763181723824,3.3143763181723824,1,1
LinearSearch With Reduced Qubits,24,5,899.5688068632995,899.5688068632995,2.9540343875797155,2.9540343875797155,1,1
LinearSearch With Reduced Qubits,24,10,4843.534819954946,4843.534819954946,3.6851624262077216,3.6851624262077216,1,1
LinearSearch With Reduced Qubits,24,25,5219.107542363995,5219.107542363995,3.7175962458062504,3.7175962458062504,1,1
LinearSearch With Reduced Qubits,24,37,9780.551707890732,9780.551707890732,3.990363353451687,3.990363353451687,1,1
LinearSearch With Reduced Qubits,25,5,306.05111854197037,306.05111854197037,2.4857939710783885,2.4857939710783885,1,1
LinearSearch With Reduced Qubits,25,10,1437.4540518754159,1509.6192468692084,3.029957378464126,3.1788674242236654,3,3
LinearSearch With Reduced Qubits,25,25,4629.591412003179,3126.4311372845204,3.386795433007253,3.4950488673597118,7,7
LinearSearch With Reduced Qubits,25,49,20736.90266264899,20736.90266264899,4.316743889132407,4.316743889132407,1,1
LinearSearch With Reduced Qubits,25,50,7727.27675880256,7099.663597252848,3.8121872645573682,3.8512377710686563,7,7
LinearSearch With Reduced Qubits,34,5,1959.7420454087353,1959.7420454087353,3.2921989103217144,3.2921989103217144,1,1
LinearSearch With Reduced Qubits,39,5,1964.565419783235,1964.565419783235,3.293266495340694,3.293266495340694,1,1
LinearSearch With Reduced Qubits,39,10,7489.225423736255,7489.225423736255,3.874436902934136,3.874436902934136,1,1
LinearSearch With Reduced Qubits,41,25,20022.72717558584,20022.72717558584,4.301523229818859,4.301523229818859,1,1
LinearSearch With Reduced Qubits,45,48,21268.167530330058,21268.167530330058,4.327730072613147,4.327730072613147,1,1
LinearSearch With Reduced Qubits,47,10,2953.9666190309877,2953.9666190309877,3.470405583307507,3.470405583307507,1,1
LinearSearch With Reduced Qubits,49,10,12083.0818137904,12083.0818137904,4.0821777160753845,4.0821777160753845,1,1
LinearSearch With Reduced Qubits,50,10,1443.2966341730073,1257.069248032796,3.03541086449038,3.0993592022764074,3,3
LinearSearch With Reduced Qubits,50,25,5591.294087405504,3980.4529392848444,3.455404278860356,3.5999324936414725,7,7
LinearSearch With Reduced Qubits,50,50,668.2878898114606,420.5535975549386,2.6017674082296174,2.600316641858024,8,8
