algorithm,universe_size,num_test_cases,mean_global_found_ratio,mean_minimum_success,mean_num_qubits,mean_num_couplers,mean_runtime_seconds,num_pa_values,count
BinSearch,2,2,1.0,1.0,2.0,1.0,0.10011378924051917,1,3
BinSearch,4,3,1.0,1.0,0.0,0.0,0.00016037623087563333,1,3
BinSearch,4,4,1.0,1.0,4.5,7.0,0.12326041857401528,2,6
BinSearch,4,5,1.0,1.0,4.0,6.0,0.1191361745198567,1,3
BinSearch,4,6,1.0,1.0,4.0,6.0,0.11289540926615393,1,3
BinSearch,5,1,1.0,1.0,0.0,0.0,0.00014591217041006667,1,3
BinSearch,5,2,1.0,1.0,0.0,0.0,9.083747863766979e-05,1,3
BinSearch,5,4,1.0,1.0,0.0,0.0,0.00016082657708057778,3,9
BinSearch,5,5,1.0,1.0,4.0,8.0,0.15169266859690345,4,12
BinSearch,5,6,1.0,1.0,2.5,5.0,0.061871488889058385,2,6
BinSearch,5,7,1.0,1.0,9.0,22.5,0.16579874356587723,2,6
BinSearch,5,8,1.0,1.0,7.0,15.5,0.15015145142873124,2,6
BinSearch,5,9,1.0,1.0,8.0,17.5,0.15923841794331867,2,6
BinSearch,5,10,1.0,1.0,7.25,16.0,0.14973954359690342,4,12
BinSearch,5,12,1.0,1.0,7.5,15.0,0.15084067980448398,2,6
BinSearch,5,13,1.0,1.0,9.0,20.0,0.17352557182312003,1,3
BinSearch,5,14,1.0,1.0,6.5,13.0,0.13987310727437335,2,6
BinSearch,5,15,1.0,1.0,6.0,12.0,0.1357616583506266,1,3
BinSearch,5,16,1.0,1.0,5.0,10.0,0.12700907389322913,1,3
BinSearch,5,18,1.0,1.0,7.0,14.0,0.14758372306823728,1,3
BinSearch,5,19,1.0,1.0,5.0,10.0,0.12678694725036616,1,3
BinSearch,5,20,1.0,1.0,6.0,12.0,0.13784925142923987,1,3
BinSearch,5,22,1.0,1.0,5.0,10.0,0.13300832112630206,1,3
BinSearch,5,23,1.0,1.0,5.0,10.0,0.1250054041544596,1,3
BinSearch,5,24,1.0,1.0,5.0,10.0,0.1303491592407226,1,3
BinSearch,5,29,1.0,1.0,5.0,10.0,0.12904198964436844,1,3
BinSearch,6,5,1.0,1.0,7.0,17.0,0.14961020151774088,1,3
BinSearch,7,5,1.0,1.0,9.0,25.0,0.166759173075358,1,3
BinSearch,8,5,1.0,1.0,11.0,37.0,0.20108155409495032,2,6
BinSearch,9,5,1.0,1.0,14.0,56.0,0.2325681050618489,1,3
BinSearch,9,10,1.0,1.0,13.0,49.0,0.2149442036946614,1,3
BinSearch,9,11,1.0,1.0,9.0,36.0,0.17559440930684403,1,3
BinSearch,10,3,1.0,1.0,0.0,0.0,0.00027489662170406665,1,3
BinSearch,10,4,1.0,1.0,0.0,0.0,0.00018215179443356664,1,3
BinSearch,10,5,1.0,1.0,2.8,12.8,0.047958834966023725,5,15
BinSearch,10,7,1.0,1.0,0.0,0.0,0.00022006034851073332,1,3
BinSearch,10,9,1.0,1.0,7.5,29.0,0.2386706670125325,2,6
BinSearch,10,10,1.0,1.0,20.8,98.8,0.42570996284484863,5,15
BinSearch,10,16,1.0,1.0,17.0,102.0,0.2907349268595377,1,3
BinSearch,10,21,1.0,1.0,16.0,80.5,0.2699349721272786,2,6
BinSearch,10,22,1.0,1.0,16.5,87.5,0.26930538813273114,2,6
BinSearch,10,24,1.0,1.0,13.0,51.0,0.22374097506205237,1,3
BinSearch,10,25,1.0,1.0,23.25,106.25,0.5146258870760599,4,12
BinSearch,10,29,1.0,1.0,20.0,114.0,0.31784335772196454,1,3
BinSearch,10,36,1.0,1.0,10.0,45.0,0.18772149085998532,1,3
BinSearch,10,45,1.0,1.0,12.0,49.0,0.2012093861897786,1,3
BinSearch,10,46,1.0,1.0,31.0,119.0,0.8321805795033773,2,6
BinSearch,10,47,1.0,1.0,50.0,275.0,1.104414939880371,1,3
BinSearch,10,48,1.0,1.0,47.5,246.5,1.2037820021311443,2,6
BinSearch,12,9,1.0,1.0,17.0,76.0,0.26957337061564124,1,3
BinSearch,15,5,1.0,1.0,22.0,138.0,3.90861439704895,1,3
BinSearch,16,5,1.0,1.0,21.0,154.0,0.354273001352946,1,3
BinSearch,20,10,1.0,1.0,34.0,264.0,0.5394701957702637,1,3
BinSearch,21,5,1.0,1.0,30.0,266.0,0.4968405564626058,1,3
BinSearch,21,10,1.0,1.0,33.0,249.0,4.087173223495483,1,3
BinSearch,22,23,1.0,1.0,27.0,241.0,0.45415496826171875,1,3
BinSearch,23,10,1.0,1.0,33.0,336.0,0.5456527868906657,1,3
BinSearch,24,5,1.0,1.0,29.0,325.0,0.508049726486206,1,3
BinSearch,24,10,1.0,1.0,44.0,396.0,0.6821858882904053,1,3
BinSearch,24,25,1.0,1.0,48.0,376.0,1.496972640355428,1,3
BinSearch,24,37,1.0,1.0,29.0,289.0,0.49459314346313477,1,3
BinSearch,25,5,1.0,1.0,5.0,60.666666666666664,0.08743054336971702,6,18
BinSearch,25,9,1.0,1.0,0.0,0.0,0.0002748171488443667,1,3
BinSearch,25,10,1.0,1.0,21.0,259.2,0.3682480017344157,5,15
BinSearch,25,18,1.0,1.0,0.0,0.0,0.00042176246643060004,1,3
BinSearch,25,25,0.9526529812813028,1.0,66.42857142857143,817.7142857142857,1.6644717965807234,7,21
BinSearch,25,32,1.0,1.0,0.0,0.0,0.0006573994954426667,1,3
BinSearch,25,49,1.0,1.0,59.0,451.0,0.9747336705525717,1,3
BinSearch,25,50,0.7459859584859585,1.0,105.85714285714286,1305.5714285714287,2.684391736984253,7,21
BinSearch,34,5,1.0,1.0,44.0,644.0,4.58277424176534,1,3
BinSearch,39,5,1.0,1.0,44.0,808.0,4.387364387512207,1,3
BinSearch,39,10,1.0,1.0,59.0,889.0,9.142102797826132,1,3
BinSearch,41,25,1.0,1.0,68.0,931.0,4.817698876063029,1,3
BinSearch,44,5,1.0,1.0,0.0,0.0,0.00023786226908360003,1,3
BinSearch,45,48,1.0,1.0,74.0,1095.0,5.112411181131999,1,3
BinSearch,47,10,1.0,1.0,67.0,1325.0,9.517552455266317,1,3
BinSearch,48,5,1.0,1.0,0.0,0.0,0.00034965409172901113,3,9
BinSearch,49,10,1.0,1.0,59.0,1346.0,4.752210219701131,1,3
BinSearch,50,5,1.0,1.0,0.0,0.0,0.0003967814975314222,3,9
BinSearch,50,9,1.0,1.0,0.0,0.0,0.0005111694335937,1,3
BinSearch,50,10,0.999001996007984,1.0,36.0,902.8,2.885837364196777,5,15
BinSearch,50,21,1.0,1.0,0.0,0.0,0.0008653799692789334,1,3
BinSearch,50,25,0.8995475601842854,1.0,80.375,1792.5,7.457543700933456,8,24
BinSearch,50,41,1.0,1.0,0.0,0.0,0.0015598138173420666,1,3
BinSearch,50,50,0.3197147240665576,0.9166666666666666,150.5,3409.125,13.521474738915762,8,24
LinearSearch,2,2,1.0,1.0,2.0,1.0,0.09736402829488117,1,3
LinearSearch,4,3,1.0,1.0,0.0,0.0,8.797645568847656e-05,1,3
LinearSearch,4,4,1.0,1.0,4.5,7.0,0.23009256521860758,2,6
LinearSearch,4,5,1.0,1.0,4.0,6.0,0.33432213465372723,1,3
LinearSearch,4,6,1.0,1.0,4.0,6.0,0.2291684945424397,1,3
LinearSearch,5,1,1.0,1.0,0.0,0.0,8.559226989746094e-05,1,3
LinearSearch,5,2,1.0,1.0,0.0,0.0,8.702278137207031e-05,1,3
LinearSearch,5,4,1.0,1.0,0.0,0.0,0.00010304980807831475,3,9
LinearSearch,5,5,1.0,1.0,4.0,8.0,0.1922367215156555,4,12
LinearSearch,5,6,1.0,1.0,2.5,5.0,0.24677324295043937,2,6
LinearSearch,5,7,1.0,1.0,12.0,36.0,0.20089999834696448,2,6
LinearSearch,5,8,1.0,1.0,8.5,21.5,0.3492620786031087,2,6
LinearSearch,5,9,1.0,1.0,9.5,23.5,0.3033913373947143,2,6
LinearSearch,5,10,1.0,1.0,8.5,21.25,0.38731513420740765,4,12
LinearSearch,5,12,1.0,1.0,7.5,15.0,0.3325503667195638,2,6
LinearSearch,5,13,1.0,1.0,11.0,28.0,0.1895259221394857,1,3
LinearSearch,5,14,1.0,1.0,6.5,13.0,0.26109107335408527,2,6
LinearSearch,5,15,1.0,1.0,6.0,12.0,0.4000452359517415,1,3
LinearSearch,5,16,1.0,1.0,5.0,10.0,0.48940269152323407,1,3
LinearSearch,5,18,1.0,1.0,7.0,14.0,0.2821575005849202,1,3
LinearSearch,5,19,1.0,1.0,5.0,10.0,0.48575305938720703,1,3
LinearSearch,5,20,1.0,1.0,6.0,12.0,0.3962719440460205,1,3
LinearSearch,5,22,1.0,1.0,5.0,10.0,0.49117422103881836,1,3
LinearSearch,5,23,1.0,1.0,5.0,10.0,0.2446787357330322,1,3
LinearSearch,5,24,1.0,1.0,5.0,10.0,0.36338233947753906,1,3
LinearSearch,5,29,1.0,1.0,5.0,10.0,0.487784465154012,1,3
LinearSearch,6,5,1.0,1.0,7.0,17.0,0.44375022252400714,1,3
LinearSearch,7,5,1.0,1.0,9.0,25.0,0.6700195471445719,1,3
LinearSearch,8,5,1.0,1.0,11.0,37.0,0.5896223386128744,2,6
LinearSearch,9,5,1.0,1.0,20.0,89.0,0.3001445929209391,1,3
LinearSearch,9,10,1.0,1.0,13.0,49.0,0.8713006178538004,1,3
LinearSearch,9,11,1.0,1.0,9.0,36.0,1.487469991048177,1,3
LinearSearch,10,3,1.0,1.0,0.0,0.0,0.0001983642578124667,1,3
LinearSearch,10,4,1.0,1.0,0.0,0.0,0.00012445449829099999,1,3
LinearSearch,10,5,1.0,1.0,4.0,20.4,0.06013692220052079,5,15
LinearSearch,10,7,1.0,1.0,0.0,0.0,0.0001486142476399,1,3
LinearSearch,10,9,1.0,1.0,7.5,29.0,0.4849844376246135,2,6
LinearSearch,10,10,1.0,1.0,27.4,149.8,0.6125286897023519,5,15
LinearSearch,10,16,1.0,1.0,33.0,261.0,0.5052897135416666,1,3
LinearSearch,10,21,1.0,1.0,25.0,159.0,0.9338268438975016,2,6
LinearSearch,10,22,1.0,1.0,29.5,192.0,1.248504598935445,2,6
LinearSearch,10,24,1.0,1.0,13.0,51.0,1.1186467011769612,1,3
LinearSearch,10,25,1.0,1.0,30.25,155.75,0.9658629894256592,4,12
LinearSearch,10,29,1.0,1.0,40.0,282.0,0.5747693379720052,1,3
LinearSearch,10,36,1.0,1.0,10.0,45.0,1.5915320714314778,1,3
LinearSearch,10,45,1.0,1.0,12.0,49.0,1.5910801887512207,1,3
LinearSearch,10,46,1.0,1.0,32.0,126.0,1.5720730622609456,2,6
LinearSearch,10,47,1.0,1.0,64.0,384.0,1.6689356168111165,1,3
LinearSearch,10,48,1.0,1.0,60.5,342.5,2.0840702056884766,2,6
LinearSearch,12,9,1.0,1.0,17.0,76.0,1.3633374373118083,1,3
LinearSearch,15,5,1.0,1.0,24.0,153.0,7.826895713806152,1,3
LinearSearch,16,5,1.0,1.0,31.0,243.0,0.49512632687886554,1,3
LinearSearch,20,10,1.0,1.0,38.0,297.0,1.7309581438700359,1,3
LinearSearch,21,5,1.0,1.0,35.0,311.0,1.153904914855957,1,3
LinearSearch,21,10,0.9985380116959064,1.0,33.0,249.0,28.83789785703023,1,3
LinearSearch,22,23,1.0,1.0,27.0,241.0,8.523582061131796,1,3
LinearSearch,23,10,1.0,1.0,59.0,609.0,0.9056119124094645,1,3
LinearSearch,24,5,1.0,1.0,43.0,491.0,0.7206718921661377,1,3
LinearSearch,24,10,1.0,1.0,52.0,461.0,1.5201934973398845,1,3
LinearSearch,24,25,1.0,1.0,48.0,376.0,5.090760866800944,1,3
LinearSearch,24,37,1.0,1.0,29.0,289.0,9.871719916661581,1,3
LinearSearch,25,5,1.0,1.0,7.5,97.66666666666667,0.12944163216484916,6,18
LinearSearch,25,9,1.0,1.0,0.0,0.0,0.0002628167470296,1,3
LinearSearch,25,10,1.0,1.0,39.6,545.4,0.6971602439880371,5,15
LinearSearch,25,18,1.0,1.0,0.0,0.0,0.00040141741434726667,1,3
LinearSearch,25,25,0.8181954315065051,1.0,124.71428571428571,1920.142857142857,3.73629861786252,7,21
LinearSearch,25,32,1.0,1.0,0.0,0.0,0.0005214214324950667,1,3
LinearSearch,25,49,1.0,1.0,59.0,451.0,7.1504364013671875,1,3
LinearSearch,25,50,0.15699408199408196,0.6666666666666666,209.42857142857142,3287.1428571428573,7.962800309771583,7,21
LinearSearch,34,5,1.0,1.0,50.0,715.0,9.325530926386515,1,3
LinearSearch,39,5,1.0,1.0,60.0,1060.0,4.758258978525798,1,3
LinearSearch,39,10,1.0,1.0,70.0,1006.0,14.27994712193807,1,3
LinearSearch,41,25,1.0,1.0,68.0,931.0,47.521068811416626,1,3
LinearSearch,44,5,1.0,1.0,0.0,0.0,0.00023269653320309998,1,3
LinearSearch,45,48,1.0,1.0,74.0,1095.0,95.75256101290385,1,3
LinearSearch,47,10,1.0,1.0,87.0,1609.0,10.30839991569519,1,3
LinearSearch,48,5,1.0,1.0,0.0,0.0,0.0002687772115071111,3,9
LinearSearch,49,10,1.0,1.0,94.0,2045.0,5.594591776529948,1,3
LinearSearch,50,5,1.0,1.0,0.0,0.0,0.0003150039248995667,3,9
LinearSearch,50,9,1.0,1.0,0.0,0.0,0.0004092057545979,1,3
LinearSearch,50,10,0.9736526946107785,1.0,61.2,1682.0,3.7245373566945394,5,15
LinearSearch,50,21,1.0,1.0,0.0,0.0,0.0008226235707600333,1,3
LinearSearch,50,25,0.652062971746764,1.0,147.625,3836.375,14.764507462581,8,24
LinearSearch,50,41,1.0,1.0,0.0,0.0,0.0013784567515054667,1,3
LinearSearch,50,50,0.050736735275285216,0.4166666666666667,293.875,8321.25,30.05187134941419,8,24
LinearSearch With Preprocessing,2,2,1.0,1.0,2.0,1.0,0.09935752550760903,1,3
LinearSearch With Preprocessing,4,3,1.0,1.0,0.0,0.0,8.161862691243489e-05,1,3
LinearSearch With Preprocessing,4,4,1.0,1.0,4.5,7.0,0.11922963460286451,2,6
LinearSearch With Preprocessing,4,5,1.0,1.0,4.0,6.0,0.11996515591939287,1,3
LinearSearch With Preprocessing,4,6,1.0,1.0,4.0,6.0,0.11650053660074866,1,3
LinearSearch With Preprocessing,5,1,1.0,1.0,0.0,0.0,8.018811543782552e-05,1,3
LinearSearch With Preprocessing,5,2,1.0,1.0,0.0,0.0,8.463859558105469e-05,1,3
LinearSearch With Preprocessing,5,4,1.0,1.0,0.0,0.0,9.481112162271771e-05,3,9
LinearSearch With Preprocessing,5,5,1.0,1.0,4.0,8.0,0.09886229038238521,4,12
LinearSearch With Preprocessing,5,6,1.0,1.0,2.5,5.0,0.06625088055928545,2,6
LinearSearch With Preprocessing,5,7,1.0,1.0,12.0,36.0,0.20399836699167884,2,6
LinearSearch With Preprocessing,5,8,1.0,1.0,8.5,21.5,0.16631913185119626,2,6
LinearSearch With Preprocessing,5,9,1.0,1.0,9.5,23.5,0.1695907115936279,2,6
LinearSearch With Preprocessing,5,10,1.0,1.0,8.5,21.25,0.16518894831339515,4,12
LinearSearch With Preprocessing,5,12,1.0,1.0,7.5,15.0,0.15091041723887122,2,6
LinearSearch With Preprocessing,5,13,1.0,1.0,11.0,28.0,0.1932495435078939,1,3
LinearSearch With Preprocessing,5,14,1.0,1.0,6.5,13.0,0.14241151014963782,2,6
LinearSearch With Preprocessing,5,15,1.0,1.0,6.0,12.0,0.13785068194071445,1,3
LinearSearch With Preprocessing,5,16,1.0,1.0,5.0,10.0,0.12859694163004554,1,3
LinearSearch With Preprocessing,5,18,1.0,1.0,7.0,14.0,0.14163661003112787,1,3
LinearSearch With Preprocessing,5,19,1.0,1.0,5.0,10.0,0.12449733416239417,1,3
LinearSearch With Preprocessing,5,20,1.0,1.0,6.0,12.0,0.13933610916137693,1,3
LinearSearch With Preprocessing,5,22,1.0,1.0,5.0,10.0,0.12720616658528644,1,3
LinearSearch With Preprocessing,5,23,1.0,1.0,5.0,10.0,0.1255989074707031,1,3
LinearSearch With Preprocessing,5,24,1.0,1.0,5.0,10.0,0.12592538197835282,1,3
LinearSearch With Preprocessing,5,29,1.0,1.0,5.0,10.0,0.1304527123769124,1,3
LinearSearch With Preprocessing,6,5,1.0,1.0,7.0,17.0,0.14882739384969074,1,3
LinearSearch With Preprocessing,7,5,1.0,1.0,9.0,25.0,0.16120441754659012,1,3
LinearSearch With Preprocessing,8,5,1.0,1.0,11.0,37.0,0.19195727507273352,2,6
LinearSearch With Preprocessing,9,5,1.0,1.0,20.0,89.0,0.3018430868784587,1,3
LinearSearch With Preprocessing,9,10,1.0,1.0,13.0,49.0,0.21567153930664054,1,3
LinearSearch With Preprocessing,9,11,1.0,1.0,9.0,36.0,0.1789325873057047,1,3
LinearSearch With Preprocessing,10,3,1.0,1.0,0.0,0.0,0.0001823902130126667,1,3
LinearSearch With Preprocessing,10,4,1.0,1.0,0.0,0.0,0.0001181761423746,1,3
LinearSearch With Preprocessing,10,5,1.0,1.0,4.0,20.4,0.06180820465087886,5,15
LinearSearch With Preprocessing,10,7,1.0,1.0,0.0,0.0,0.00014162063598630002,1,3
LinearSearch With Preprocessing,10,9,1.0,1.0,7.5,29.0,0.23946249485015866,2,6
LinearSearch With Preprocessing,10,10,1.0,1.0,27.4,149.8,0.5569310983022054,5,15
LinearSearch With Preprocessing,10,16,1.0,1.0,33.0,261.0,0.5028041998545328,1,3
LinearSearch With Preprocessing,10,21,1.0,1.0,25.0,159.0,0.37661536534627277,2,6
LinearSearch With Preprocessing,10,22,1.0,1.0,29.5,192.0,0.42318745454152423,2,6
LinearSearch With Preprocessing,10,24,1.0,1.0,13.0,51.0,0.2176450093587239,1,3
LinearSearch With Preprocessing,10,25,1.0,1.0,30.25,155.75,0.6541496912638346,4,12
LinearSearch With Preprocessing,10,29,1.0,1.0,40.0,282.0,0.5749569733937582,1,3
LinearSearch With Preprocessing,10,36,1.0,1.0,10.0,45.0,0.19122457504272458,1,3
LinearSearch With Preprocessing,10,45,1.0,1.0,12.0,49.0,0.2082869211832682,1,3
LinearSearch With Preprocessing,10,46,1.0,1.0,32.0,126.0,0.8523568709691366,2,6
LinearSearch With Preprocessing,10,47,1.0,1.0,64.0,384.0,1.6528034210205078,1,3
LinearSearch With Preprocessing,10,48,1.0,1.0,60.5,342.5,2.0875637531280518,2,6
LinearSearch With Preprocessing,12,9,1.0,1.0,17.0,76.0,0.27170467376708984,1,3
LinearSearch With Preprocessing,15,5,1.0,1.0,24.0,153.0,3.9359089533487954,1,3
LinearSearch With Preprocessing,16,5,1.0,1.0,31.0,243.0,0.4918821652730306,1,3
LinearSearch With Preprocessing,20,10,1.0,1.0,38.0,297.0,0.590080738067627,1,3
LinearSearch With Preprocessing,21,5,1.0,1.0,35.0,311.0,0.5862542788187662,1,3
LinearSearch With Preprocessing,21,10,1.0,1.0,33.0,249.0,4.070084810256958,1,3
LinearSearch With Preprocessing,22,23,1.0,1.0,27.0,241.0,0.4460444450378418,1,3
LinearSearch With Preprocessing,23,10,1.0,1.0,59.0,609.0,0.9116071859995524,1,3
LinearSearch With Preprocessing,24,5,1.0,1.0,43.0,491.0,0.7205161253611246,1,3
LinearSearch With Preprocessing,24,10,1.0,1.0,52.0,461.0,0.7765181064605713,1,3
LinearSearch With Preprocessing,24,25,1.0,1.0,48.0,376.0,1.502928098042806,1,3
LinearSearch With Preprocessing,24,37,1.0,1.0,29.0,289.0,0.49351708094278973,1,3
LinearSearch With Preprocessing,25,5,1.0,1.0,7.5,97.66666666666667,0.12976988156636554,6,18
LinearSearch With Preprocessing,25,9,1.0,1.0,0.0,0.0,0.0002606709798177,1,3
LinearSearch With Preprocessing,25,10,1.0,1.0,39.6,545.4,0.7010374546051026,5,15
LinearSearch With Preprocessing,25,18,1.0,1.0,0.0,0.0,0.00039323170979810003,1,3
LinearSearch With Preprocessing,25,25,0.816296800173725,1.0,124.71428571428571,1920.142857142857,3.5251564866020564,7,21
LinearSearch With Preprocessing,25,32,1.0,1.0,0.0,0.0,0.0005062421162922667,1,3
LinearSearch With Preprocessing,25,49,1.0,1.0,59.0,451.0,0.9517041047414144,1,3
LinearSearch With Preprocessing,25,50,0.1812161062161062,0.7619047619047619,209.42857142857142,3287.1428571428573,6.41351968901498,7,21
LinearSearch With Preprocessing,34,5,1.0,1.0,50.0,715.0,4.418161233266194,1,3
LinearSearch With Preprocessing,39,5,1.0,1.0,60.0,1060.0,4.750105460484822,1,3
LinearSearch With Preprocessing,39,10,1.0,1.0,70.0,1006.0,9.555643081665039,1,3
LinearSearch With Preprocessing,41,25,1.0,1.0,68.0,931.0,4.826280991236369,1,3
LinearSearch With Preprocessing,44,5,1.0,1.0,0.0,0.0,0.0002319812774658,1,3
LinearSearch With Preprocessing,45,48,1.0,1.0,74.0,1095.0,5.09999664624532,1,3
LinearSearch With Preprocessing,47,10,1.0,1.0,87.0,1609.0,10.280588785807291,1,3
LinearSearch With Preprocessing,48,5,1.0,1.0,0.0,0.0,0.0002626842922634111,3,9
LinearSearch With Preprocessing,49,10,1.0,1.0,94.0,2045.0,5.575335661570231,1,3
LinearSearch With Preprocessing,50,5,1.0,1.0,0.0,0.0,0.0003064738379584,3,9
LinearSearch With Preprocessing,50,9,1.0,1.0,0.0,0.0,0.00040268898010250003,1,3
LinearSearch With Preprocessing,50,10,0.9690055785864169,1.0,61.2,1682.0,3.727265199025472,5,15
LinearSearch With Preprocessing,50,21,1.0,1.0,0.0,0.0,0.0008110205332437333,1,3
LinearSearch With Preprocessing,50,25,0.637057219962531,1.0,147.625,3836.375,10.830147951841354,8,24
LinearSearch With Preprocessing,50,41,1.0,1.0,0.0,0.0,0.0013343493143717,1,3
LinearSearch With Preprocessing,50,50,0.023962336811088825,0.5,293.875,8321.25,26.851469685633976,8,24
LinearSearch With Preprocessing and Reduced Qubits,2,2,1.0,1.0,2.0,1.0,0.1004995505015055,1,3
LinearSearch With Preprocessing and Reduced Qubits,4,3,1.0,1.0,0.0,0.0,7.685025533040364e-05,1,3
LinearSearch With Preprocessing and Reduced Qubits,4,4,1.0,1.0,4.5,7.0,0.11943558851877843,2,6
LinearSearch With Preprocessing and Reduced Qubits,4,5,1.0,1.0,4.0,6.0,0.11673045158386224,1,3
LinearSearch With Preprocessing and Reduced Qubits,4,6,1.0,1.0,4.0,6.0,0.11765710512797034,1,3
LinearSearch With Preprocessing and Reduced Qubits,5,1,1.0,1.0,0.0,0.0,7.534027099609375e-05,1,3
LinearSearch With Preprocessing and Reduced Qubits,5,2,1.0,1.0,0.0,0.0,8.31286112467448e-05,1,3
LinearSearch With Preprocessing and Reduced Qubits,5,4,1.0,1.0,0.0,0.0,9.041362338594896e-05,3,9
LinearSearch With Preprocessing and Reduced Qubits,5,5,1.0,1.0,4.0,8.0,0.09685883919397988,4,12
LinearSearch With Preprocessing and Reduced Qubits,5,6,1.0,1.0,2.5,5.0,0.06378030776977535,2,6
LinearSearch With Preprocessing and Reduced Qubits,5,7,1.0,1.0,9.0,22.5,0.16805919011433915,2,6
LinearSearch With Preprocessing and Reduced Qubits,5,8,1.0,1.0,7.0,15.5,0.1448199351628621,2,6
LinearSearch With Preprocessing and Reduced Qubits,5,9,1.0,1.0,8.0,17.5,0.1627192099889119,2,6
LinearSearch With Preprocessing and Reduced Qubits,5,10,1.0,1.0,7.25,16.0,0.14950134356816608,4,12
LinearSearch With Preprocessing and Reduced Qubits,5,12,1.0,1.0,7.5,15.0,0.15135224660237626,2,6
LinearSearch With Preprocessing and Reduced Qubits,5,13,1.0,1.0,9.0,20.0,0.1716008981068929,1,3
LinearSearch With Preprocessing and Reduced Qubits,5,14,1.0,1.0,6.5,13.0,0.14258603254954014,2,6
LinearSearch With Preprocessing and Reduced Qubits,5,15,1.0,1.0,6.0,12.0,0.13127517700195307,1,3
LinearSearch With Preprocessing and Reduced Qubits,5,16,1.0,1.0,5.0,10.0,0.12760678927103677,1,3
LinearSearch With Preprocessing and Reduced Qubits,5,18,1.0,1.0,7.0,14.0,0.14687951405843092,1,3
LinearSearch With Preprocessing and Reduced Qubits,5,19,1.0,1.0,5.0,10.0,0.12639307975769035,1,3
LinearSearch With Preprocessing and Reduced Qubits,5,20,1.0,1.0,6.0,12.0,0.13609608014424637,1,3
LinearSearch With Preprocessing and Reduced Qubits,5,22,1.0,1.0,5.0,10.0,0.13028995196024573,1,3
LinearSearch With Preprocessing and Reduced Qubits,5,23,1.0,1.0,5.0,10.0,0.1257446606953938,1,3
LinearSearch With Preprocessing and Reduced Qubits,5,24,1.0,1.0,5.0,10.0,0.12516808509826657,1,3
LinearSearch With Preprocessing and Reduced Qubits,5,29,1.0,1.0,5.0,10.0,0.12642248471577958,1,3
LinearSearch With Preprocessing and Reduced Qubits,6,5,1.0,1.0,7.0,17.0,0.15047868092854816,1,3
LinearSearch With Preprocessing and Reduced Qubits,7,5,1.0,1.0,9.0,25.0,0.17479523022969565,1,3
LinearSearch With Preprocessing and Reduced Qubits,8,5,1.0,1.0,11.0,37.0,0.19061338901519773,2,6
LinearSearch With Preprocessing and Reduced Qubits,9,5,1.0,1.0,14.0,56.0,0.23163072268168128,1,3
LinearSearch With Preprocessing and Reduced Qubits,9,10,1.0,1.0,13.0,49.0,0.2137349446614583,1,3
LinearSearch With Preprocessing and Reduced Qubits,9,11,1.0,1.0,9.0,36.0,0.17434159914652503,1,3
LinearSearch With Preprocessing and Reduced Qubits,10,3,1.0,1.0,0.0,0.0,0.00017428398132321302,1,3
LinearSearch With Preprocessing and Reduced Qubits,10,4,1.0,1.0,0.0,0.0,0.00011213620503740001,1,3
LinearSearch With Preprocessing and Reduced Qubits,10,5,1.0,1.0,2.8,12.8,0.046514431635538686,5,15
LinearSearch With Preprocessing and Reduced Qubits,10,7,1.0,1.0,0.0,0.0,0.00013828277587886668,1,3
LinearSearch With Preprocessing and Reduced Qubits,10,9,1.0,1.0,7.5,29.0,0.24684218565622962,2,6
LinearSearch With Preprocessing and Reduced Qubits,10,10,1.0,1.0,20.8,98.8,0.42619420687357584,5,15
LinearSearch With Preprocessing and Reduced Qubits,10,16,1.0,1.0,17.0,102.0,0.27992439270019526,1,3
LinearSearch With Preprocessing and Reduced Qubits,10,21,1.0,1.0,16.0,80.5,0.2595038016637166,2,6
LinearSearch With Preprocessing and Reduced Qubits,10,22,1.0,1.0,16.5,87.5,0.2695922056833903,2,6
LinearSearch With Preprocessing and Reduced Qubits,10,24,1.0,1.0,13.0,51.0,0.21342380841573072,1,3
LinearSearch With Preprocessing and Reduced Qubits,10,25,1.0,1.0,23.25,106.25,0.522366464138031,4,12
LinearSearch With Preprocessing and Reduced Qubits,10,29,1.0,1.0,20.0,114.0,0.31555779774983717,1,3
LinearSearch With Preprocessing and Reduced Qubits,10,36,1.0,1.0,10.0,45.0,0.18284781773885087,1,3
LinearSearch With Preprocessing and Reduced Qubits,10,45,1.0,1.0,12.0,49.0,0.2098507086435953,1,3
LinearSearch With Preprocessing and Reduced Qubits,10,46,1.0,1.0,31.0,119.0,0.826590339342753,2,6
LinearSearch With Preprocessing and Reduced Qubits,10,47,1.0,1.0,50.0,275.0,1.0906124114990234,1,3
LinearSearch With Preprocessing and Reduced Qubits,10,48,1.0,1.0,47.5,246.5,1.454596718152364,2,6
LinearSearch With Preprocessing and Reduced Qubits,12,9,1.0,1.0,17.0,76.0,0.26462626457214355,1,3
LinearSearch With Preprocessing and Reduced Qubits,15,5,1.0,1.0,22.0,138.0,3.905123472213745,1,3
LinearSearch With Preprocessing and Reduced Qubits,16,5,1.0,1.0,21.0,154.0,0.35168854395548504,1,3
LinearSearch With Preprocessing and Reduced Qubits,20,10,1.0,1.0,34.0,264.0,0.5354953606923422,1,3
LinearSearch With Preprocessing and Reduced Qubits,21,5,1.0,1.0,30.0,266.0,0.49347368876139325,1,3
LinearSearch With Preprocessing and Reduced Qubits,21,10,1.0,1.0,33.0,249.0,4.067010720570882,1,3
LinearSearch With Preprocessing and Reduced Qubits,22,23,1.0,1.0,27.0,241.0,0.44867491722106934,1,3
LinearSearch With Preprocessing and Reduced Qubits,23,10,1.0,1.0,33.0,336.0,0.5445377826690674,1,3
LinearSearch With Preprocessing and Reduced Qubits,24,5,1.0,1.0,29.0,325.0,0.5190029939015707,1,3
LinearSearch With Preprocessing and Reduced Qubits,24,10,1.0,1.0,44.0,396.0,0.6796730359395345,1,3
LinearSearch With Preprocessing and Reduced Qubits,24,25,1.0,1.0,48.0,376.0,1.4902294476826985,1,3
LinearSearch With Preprocessing and Reduced Qubits,24,37,1.0,1.0,29.0,289.0,0.4941368103027344,1,3
LinearSearch With Preprocessing and Reduced Qubits,25,5,1.0,1.0,5.0,60.666666666666664,0.08801331784990093,6,18
LinearSearch With Preprocessing and Reduced Qubits,25,9,1.0,1.0,0.0,0.0,0.00026043256123856664,1,3
LinearSearch With Preprocessing and Reduced Qubits,25,10,1.0,1.0,21.0,259.2,0.3677875836690267,5,15
LinearSearch With Preprocessing and Reduced Qubits,25,18,1.0,1.0,0.0,0.0,0.00039164225260413335,1,3
LinearSearch With Preprocessing and Reduced Qubits,25,25,0.9588381412498406,1.0,66.42857142857143,817.7142857142857,1.82613814444769,7,21
LinearSearch With Preprocessing and Reduced Qubits,25,32,1.0,1.0,0.0,0.0,0.0005286534627278,1,3
LinearSearch With Preprocessing and Reduced Qubits,25,49,1.0,1.0,59.0,451.0,0.9464492003122965,1,3
LinearSearch With Preprocessing and Reduced Qubits,25,50,0.7377543752543753,1.0,105.85714285714286,1305.5714285714287,3.203588985261463,7,21
LinearSearch With Preprocessing and Reduced Qubits,34,5,1.0,1.0,44.0,644.0,4.326365311940511,1,3
LinearSearch With Preprocessing and Reduced Qubits,39,5,1.0,1.0,44.0,808.0,4.384281635284424,1,3
LinearSearch With Preprocessing and Reduced Qubits,39,10,1.0,1.0,59.0,889.0,9.146889925003052,1,3
LinearSearch With Preprocessing and Reduced Qubits,41,25,1.0,1.0,68.0,931.0,4.809292713801066,1,3
LinearSearch With Preprocessing and Reduced Qubits,44,5,1.0,1.0,0.0,0.0,0.000231663386027,1,3
LinearSearch With Preprocessing and Reduced Qubits,45,48,1.0,1.0,74.0,1095.0,5.1168027718861895,1,3
LinearSearch With Preprocessing and Reduced Qubits,47,10,1.0,1.0,67.0,1325.0,9.543930848439535,1,3
LinearSearch With Preprocessing and Reduced Qubits,48,5,1.0,1.0,0.0,0.0,0.00026082992553706666,3,9
LinearSearch With Preprocessing and Reduced Qubits,49,10,1.0,1.0,59.0,1346.0,4.7454579671223955,1,3
LinearSearch With Preprocessing and Reduced Qubits,50,5,1.0,1.0,0.0,0.0,0.00030655331081808887,3,9
LinearSearch With Preprocessing and Reduced Qubits,50,9,1.0,1.0,0.0,0.0,0.00040070215861000004,1,3
LinearSearch With Preprocessing and Reduced Qubits,50,10,0.9970059880239521,1.0,36.0,902.8,2.883732000986735,5,15
LinearSearch With Preprocessing and Reduced Qubits,50,21,1.0,1.0,0.0,0.0,0.0008199214935302,1,3
LinearSearch With Preprocessing and Reduced Qubits,50,25,0.8966467513664202,1.0,80.375,1792.5,8.16867889960607,8,24
LinearSearch With Preprocessing and Reduced Qubits,50,41,1.0,1.0,0.0,0.0,0.0013113021850585333,1,3
LinearSearch With Preprocessing and Reduced Qubits,50,50,0.28517259655048605,0.8333333333333334,152.58333333333334,3450.2916666666665,18.014898071686428,8,24
LinearSearch With Reduced Qubits,2,2,1.0,1.0,2.0,1.0,0.0958177248636881,1,3
LinearSearch With Reduced Qubits,4,3,1.0,1.0,0.0,0.0,7.955233256022136e-05,1,3
LinearSearch With Reduced Qubits,4,4,1.0,1.0,4.5,7.0,0.23486999670664466,2,6
LinearSearch With Reduced Qubits,4,5,1.0,1.0,4.0,6.0,0.3437519868214925,1,3
LinearSearch With Reduced Qubits,4,6,1.0,1.0,4.0,6.0,0.22179738680521646,1,3
LinearSearch With Reduced Qubits,5,1,1.0,1.0,0.0,0.0,7.724761962890625e-05,1,3
LinearSearch With Reduced Qubits,5,2,1.0,1.0,0.0,0.0,8.392333984375e-05,1,3
LinearSearch With Reduced Qubits,5,4,1.0,1.0,0.0,0.0,9.56323411729493e-05,3,9
LinearSearch With Reduced Qubits,5,5,1.0,1.0,4.0,8.0,0.19282497962315873,4,12
LinearSearch With Reduced Qubits,5,6,1.0,1.0,2.5,5.0,0.24703383445739743,2,6
LinearSearch With Reduced Qubits,5,7,1.0,1.0,9.0,22.5,0.169963518778483,2,6
LinearSearch With Reduced Qubits,5,8,1.0,1.0,7.0,15.5,0.33337350686391193,2,6
LinearSearch With Reduced Qubits,5,9,1.0,1.0,8.0,17.5,0.2867510318756103,2,6
LinearSearch With Reduced Qubits,5,10,1.0,1.0,7.25,16.0,0.37757911284764606,4,12
LinearSearch With Reduced Qubits,5,12,1.0,1.0,7.5,15.0,0.3364540735880534,2,6
LinearSearch With Reduced Qubits,5,13,1.0,1.0,9.0,20.0,0.1709620157877604,1,3
LinearSearch With Reduced Qubits,5,14,1.0,1.0,6.5,13.0,0.26529594262441,2,6
LinearSearch With Reduced Qubits,5,15,1.0,1.0,6.0,12.0,0.401565949122111,1,3
LinearSearch With Reduced Qubits,5,16,1.0,1.0,5.0,10.0,0.49877158800760907,1,3
LinearSearch With Reduced Qubits,5,18,1.0,1.0,7.0,14.0,0.2868472735087077,1,3
LinearSearch With Reduced Qubits,5,19,1.0,1.0,5.0,10.0,0.49912818272908527,1,3
LinearSearch With Reduced Qubits,5,20,1.0,1.0,6.0,12.0,0.3958841959635417,1,3
LinearSearch With Reduced Qubits,5,22,1.0,1.0,5.0,10.0,0.49232300122578937,1,3
LinearSearch With Reduced Qubits,5,23,1.0,1.0,5.0,10.0,0.24917356173197425,1,3
LinearSearch With Reduced Qubits,5,24,1.0,1.0,5.0,10.0,0.37066062291463214,1,3
LinearSearch With Reduced Qubits,5,29,1.0,1.0,5.0,10.0,0.497650146484375,1,3
LinearSearch With Reduced Qubits,6,5,1.0,1.0,7.0,17.0,0.42891963322957355,1,3
LinearSearch With Reduced Qubits,7,5,1.0,1.0,9.0,25.0,0.6899421215057373,1,3
LinearSearch With Reduced Qubits,8,5,1.0,1.0,11.0,37.0,0.5765846172968546,2,6
LinearSearch With Reduced Qubits,9,5,1.0,1.0,14.0,56.0,0.22935851414998368,1,3
LinearSearch With Reduced Qubits,9,10,1.0,1.0,13.0,49.0,0.8522419134775797,1,3
LinearSearch With Reduced Qubits,9,11,1.0,1.0,9.0,36.0,1.4961493810017903,1,3
LinearSearch With Reduced Qubits,10,3,1.0,1.0,0.0,0.0,0.0001778602600097,1,3
LinearSearch With Reduced Qubits,10,4,1.0,1.0,0.0,0.0,0.0001149972279866,1,3
LinearSearch With Reduced Qubits,10,5,1.0,1.0,2.8,12.8,0.046508455276489204,5,15
LinearSearch With Reduced Qubits,10,7,1.0,1.0,0.0,0.0,0.00014034907023106666,1,3
LinearSearch With Reduced Qubits,10,9,1.0,1.0,7.5,29.0,0.4831606944402058,2,6
LinearSearch With Reduced Qubits,10,10,1.0,1.0,20.8,98.8,0.47464570999145506,5,15
LinearSearch With Reduced Qubits,10,16,1.0,1.0,17.0,102.0,0.2809503078460693,1,3
LinearSearch With Reduced Qubits,10,21,1.0,1.0,16.0,80.5,0.810638944307963,2,6
LinearSearch With Reduced Qubits,10,22,1.0,1.0,16.5,87.5,1.1038865248362222,2,6
LinearSearch With Reduced Qubits,10,24,1.0,1.0,13.0,51.0,1.1137991746266682,1,3
LinearSearch With Reduced Qubits,10,25,1.0,1.0,23.25,106.25,0.8111715118090311,4,12
LinearSearch With Reduced Qubits,10,29,1.0,1.0,20.0,114.0,0.31355118751525873,1,3
LinearSearch With Reduced Qubits,10,36,1.0,1.0,10.0,45.0,1.591707706451416,1,3
LinearSearch With Reduced Qubits,10,45,1.0,1.0,12.0,49.0,1.5902843475341797,1,3
LinearSearch With Reduced Qubits,10,46,1.0,1.0,31.0,119.0,1.4888619581858318,2,6
LinearSearch With Reduced Qubits,10,47,1.0,1.0,50.0,275.0,1.0919825236002605,1,3
LinearSearch With Reduced Qubits,10,48,1.0,1.0,47.5,246.5,1.454716642697652,2,6
LinearSearch With Reduced Qubits,12,9,1.0,1.0,17.0,76.0,1.3434524536132812,1,3
LinearSearch With Reduced Qubits,15,5,1.0,1.0,22.0,138.0,7.758603572845459,1,3
LinearSearch With Reduced Qubits,16,5,1.0,1.0,21.0,154.0,0.35399031639099116,1,3
LinearSearch With Reduced Qubits,20,10,1.0,1.0,34.0,264.0,1.4972411791483562,1,3
LinearSearch With Reduced Qubits,21,5,1.0,1.0,30.0,266.0,0.9304312070210775,1,3
LinearSearch With Reduced Qubits,21,10,1.0,1.0,33.0,249.0,28.803705135981243,1,3
LinearSearch With Reduced Qubits,22,23,1.0,1.0,27.0,241.0,8.473368565241495,1,3
LinearSearch With Reduced Qubits,23,10,1.0,1.0,33.0,336.0,0.5450883706410726,1,3
LinearSearch With Reduced Qubits,24,5,1.0,1.0,29.0,325.0,0.5118087927500407,1,3
LinearSearch With Reduced Qubits,24,10,1.0,1.0,44.0,396.0,1.2216302553812664,1,3
LinearSearch With Reduced Qubits,24,25,1.0,1.0,48.0,376.0,4.908219655354817,1,3
LinearSearch With Reduced Qubits,24,37,1.0,1.0,29.0,289.0,9.884195884068808,1,3
LinearSearch With Reduced Qubits,25,5,1.0,1.0,5.0,60.666666666666664,0.08944386906094016,6,18
LinearSearch With Reduced Qubits,25,9,1.0,1.0,0.0,0.0,0.0002590020497639333,1,3
LinearSearch With Reduced Qubits,25,10,1.0,1.0,21.0,259.2,0.366016419728597,5,15
LinearSearch With Reduced Qubits,25,18,1.0,1.0,0.0,0.0,0.0003916422526041,1,3
LinearSearch With Reduced Qubits,25,25,0.9511995697280022,1.0,66.42857142857143,817.7142857142857,1.9285977567945207,7,21
LinearSearch With Reduced Qubits,25,32,1.0,1.0,0.0,0.0,0.0005122025807698,1,3
LinearSearch With Reduced Qubits,25,49,1.0,1.0,59.0,451.0,6.909731944402059,1,3
LinearSearch With Reduced Qubits,25,50,0.7406949531949532,1.0,105.85714285714286,1305.5714285714287,3.8803214118594216,7,21
LinearSearch With Reduced Qubits,34,5,1.0,1.0,44.0,644.0,8.555856148401896,1,3
LinearSearch With Reduced Qubits,39,5,1.0,1.0,44.0,808.0,4.388938268025716,1,3
LinearSearch With Reduced Qubits,39,10,1.0,1.0,59.0,889.0,13.55423871676127,1,3
LinearSearch With Reduced Qubits,41,25,1.0,1.0,68.0,931.0,47.28329769770304,1,3
LinearSearch With Reduced Qubits,44,5,1.0,1.0,0.0,0.0,0.0002333323160807,1,3
LinearSearch With Reduced Qubits,45,48,1.0,1.0,74.0,1095.0,95.49087079366048,1,3
LinearSearch With Reduced Qubits,47,10,1.0,1.0,67.0,1325.0,9.538227717081705,1,3
LinearSearch With Reduced Qubits,48,5,1.0,1.0,0.0,0.0,0.00026231341891813333,3,9
LinearSearch With Reduced Qubits,49,10,1.0,1.0,59.0,1346.0,4.755210320154826,1,3
LinearSearch With Reduced Qubits,50,5,1.0,1.0,0.0,0.0,0.0003064738379584,3,9
LinearSearch With Reduced Qubits,50,9,1.0,1.0,0.0,0.0,0.00040268898010250003,1,3
LinearSearch With Reduced Qubits,50,10,0.9984031936127745,1.0,36.0,902.8,2.878696012496948,5,15
LinearSearch With Reduced Qubits,50,21,1.0,1.0,0.0,0.0,0.0008064111073811333,1,3
LinearSearch With Reduced Qubits,50,25,0.8983116522424699,1.0,80.375,1792.5,10.727114905913671,8,24
LinearSearch With Reduced Qubits,50,41,1.0,1.0,0.0,0.0,0.0013129711151122665,1,3
LinearSearch With Reduced Qubits,50,50,0.288078324978479,0.8333333333333334,152.58333333333334,3450.2916666666665,20.933411439259846,8,24
