problem_name,universe_size,num_test_cases,runtime_seconds
M-5-N-10-pa-0.05-pe-1.00,5,5,0.0006558150053024292
M-5-N-5-pa-0.85-pe-1.00,5,4,0.0007094109896570444
M-5-N-25-pa-0.75-pe-1.00,5,12,0.0007152801845222712
M-5-N-10-pa-0.35-pe-1.00,5,9,0.000638473080471158
M-5-N-50-pa-0.65-pe-1.00,5,23,0.0005509010516107082
M-5-N-50-pa-0.45-pe-1.00,5,29,0.000660239951685071
M-5-N-25-pa-0.25-pe-1.00,5,12,0.0005640911404043436
M-5-N-50-pa-0.05-pe-1.00,5,8,0.0005306389648467302
M-5-N-25-pa-0.05-pe-1.00,5,10,0.0005439899396151304
M-5-N-5-pa-0.75-pe-1.00,5,5,0.0005975421518087387
M-5-N-25-pa-0.85-pe-1.00,5,10,0.0010143858380615711
M-5-N-50-pa-0.55-pe-1.00,5,24,0.0007064789533615112
M-5-N-50-pa-0.35-pe-1.00,5,22,0.000625160988420248
M-5-N-5-pa-0.95-pe-1.00,5,1,0.0006575761362910271
M-5-N-5-pa-0.35-pe-1.00,5,5,0.0004162609111517668
M-5-N-50-pa-0.25-pe-1.00,5,19,0.0005924180150032043
M-5-N-50-pa-0.95-pe-1.00,5,7,0.0010656050872057676
M-5-N-50-pa-0.15-pe-1.00,5,16,0.000571634154766798
M-5-N-10-pa-0.45-pe-1.00,5,10,0.001082500908523798
M-5-N-50-pa-0.75-pe-1.00,5,14,0.00120771792717278
M-5-N-5-pa-0.45-pe-1.00,4,4,0.0009264559485018253
M-5-N-5-pa-0.05-pe-1.00,2,2,0.0006711098831146955
M-5-N-10-pa-0.55-pe-1.00,5,7,0.0008417139761149883
M-5-N-10-pa-0.75-pe-1.00,5,8,0.0007658789400011301
M-5-N-5-pa-0.55-pe-1.00,4,3,0.000599393155425787
M-5-N-25-pa-0.35-pe-1.00,5,14,0.0004792730323970318
M-5-N-25-pa-0.65-pe-1.00,5,18,0.0005612131208181381
M-5-N-50-pa-0.85-pe-1.00,5,13,0.0007176059298217297
M-5-N-5-pa-0.15-pe-1.00,4,4,0.0004246351309120655
M-5-N-10-pa-0.65-pe-1.00,5,9,0.000664666062220931
M-5-N-25-pa-0.95-pe-1.00,5,4,0.0005684969946742058
M-5-N-25-pa-0.55-pe-1.00,5,20,0.0006183551158756018
M-5-N-10-pa-0.25-pe-1.00,4,6,0.0003908500075340271
M-5-N-10-pa-0.15-pe-1.00,4,5,0.00040316395461559296
M-5-N-10-pa-0.85-pe-1.00,5,6,0.00043311482295393944
M-5-N-10-pa-0.95-pe-1.00,5,2,0.000519969966262579
M-5-N-25-pa-0.15-pe-1.00,5,10,0.0005103149451315403
M-5-N-25-pa-0.45-pe-1.00,5,15,0.0005876100622117519
M-5-N-5-pa-0.65-pe-1.00,5,4,0.0006349240429699421
M-5-N-5-pa-0.25-pe-1.00,5,5,0.0005269679240882397
M-10-N-5-pa-0.15-pe-1.00,8,5,0.0007028528489172459
M-10-N-50-pa-0.75-pe-1.00,10,48,0.0026195000391453505
M-10-N-5-pa-0.55-pe-1.00,10,5,0.0013913670554757118
M-10-N-50-pa-0.15-pe-1.00,10,36,0.0008703300263732672
M-10-N-10-pa-0.15-pe-1.00,10,9,0.0013284040614962578
M-10-N-50-pa-0.05-pe-1.00,10,22,0.000813548918813467
M-10-N-25-pa-0.95-pe-1.00,10,7,0.00094361393712461
M-10-N-50-pa-0.45-pe-1.00,10,46,0.0014524541329592466
M-10-N-5-pa-0.65-pe-1.00,10,5,0.0007099909707903862
M-10-N-50-pa-0.35-pe-1.00,10,46,0.0014712840784341097
M-10-N-25-pa-0.85-pe-1.00,10,21,0.0028012790717184544
M-10-N-10-pa-0.75-pe-1.00,10,10,0.0033400568645447493
M-10-N-25-pa-0.25-pe-1.00,10,24,0.0009035978000611067
M-10-N-50-pa-0.95-pe-1.00,10,16,0.003007114166393876
M-10-N-5-pa-0.25-pe-1.00,7,5,0.000760270981118083
M-10-N-5-pa-0.75-pe-1.00,10,5,0.0007023320067673922
M-10-N-5-pa-0.35-pe-1.00,10,5,0.0005273930728435516
M-10-N-10-pa-0.55-pe-1.00,10,10,0.0020302031189203262
M-10-N-25-pa-0.35-pe-1.00,10,25,0.0008877338841557503
M-10-N-10-pa-0.35-pe-1.00,10,10,0.0007756720297038555
M-10-N-50-pa-0.25-pe-1.00,10,45,0.0013078558258712292
M-10-N-25-pa-0.15-pe-1.00,10,21,0.0008783668745309114
M-10-N-50-pa-0.85-pe-1.00,10,29,0.0021144880447536707
M-10-N-25-pa-0.45-pe-1.00,10,25,0.0018612260464578867
M-10-N-5-pa-0.85-pe-1.00,10,3,0.0008469659369438887
M-10-N-5-pa-0.05-pe-1.00,6,5,0.0005611327942460775
M-10-N-10-pa-0.45-pe-1.00,10,10,0.001726255053654313
M-10-N-10-pa-0.25-pe-1.00,9,10,0.0008463929407298565
M-10-N-50-pa-0.55-pe-1.00,10,48,0.0047015969175845385
M-10-N-10-pa-0.05-pe-1.00,5,6,0.0004716061521321535
M-10-N-10-pa-0.65-pe-1.00,10,10,0.0010380870662629604
M-10-N-5-pa-0.95-pe-1.00,10,4,0.0009617528412491083
M-10-N-10-pa-0.95-pe-1.00,10,5,0.0009289819281548262
M-10-N-25-pa-0.65-pe-1.00,10,25,0.0010089969728142023
M-10-N-25-pa-0.55-pe-1.00,10,25,0.00126048200763762
M-10-N-10-pa-0.85-pe-1.00,10,9,0.0006850969512015581
M-10-N-5-pa-0.45-pe-1.00,9,5,0.0010972078889608383
M-10-N-50-pa-0.65-pe-1.00,10,47,0.0019774779211729765
M-10-N-25-pa-0.75-pe-1.00,10,22,0.0015025539323687553
M-10-N-25-pa-0.05-pe-1.00,9,11,0.0006407799664884806
M-25-N-10-pa-0.75-pe-1.00,25,10,0.0016771559603512287
M-25-N-50-pa-0.35-pe-1.00,25,50,0.015669169137254357
M-25-N-50-pa-0.15-pe-1.00,25,49,0.0017964020371437073
M-25-N-25-pa-0.85-pe-1.00,25,25,0.018967960961163044
M-25-N-25-pa-0.05-pe-1.00,22,23,0.002734960988163948
M-25-N-5-pa-0.65-pe-1.00,25,5,0.0011211689561605453
M-25-N-50-pa-0.25-pe-1.00,25,50,0.030540255131199956
M-25-N-5-pa-0.35-pe-1.00,24,5,0.002196551999077201
M-25-N-5-pa-0.05-pe-1.00,8,5,0.0009209879208356142
M-25-N-50-pa-0.95-pe-1.00,25,32,0.0016122909728437662
M-25-N-10-pa-0.95-pe-1.00,25,9,0.0020552671048790216
M-25-N-25-pa-0.35-pe-1.00,25,25,0.0017900988459587097
M-25-N-10-pa-0.35-pe-1.00,23,10,0.0012732530012726784
M-25-N-10-pa-0.25-pe-1.00,24,10,0.0012443189043551683
M-25-N-10-pa-0.45-pe-1.00,25,10,0.00145122897811234
M-25-N-50-pa-0.55-pe-1.00,25,50,0.005358196096494794
M-25-N-5-pa-0.95-pe-1.00,25,5,0.002161293989047408
M-25-N-25-pa-0.95-pe-1.00,25,18,0.00195160205475986
M-25-N-5-pa-0.75-pe-1.00,25,5,0.0016840670723468065
M-25-N-50-pa-0.65-pe-1.00,25,50,0.002525493036955595
M-25-N-25-pa-0.75-pe-1.00,25,25,0.007346060825511813
M-25-N-25-pa-0.45-pe-1.00,25,25,0.003932574996724725
M-25-N-10-pa-0.65-pe-1.00,25,10,0.009654884925112128
M-25-N-5-pa-0.45-pe-1.00,25,5,0.007471758872270584
M-25-N-25-pa-0.65-pe-1.00,25,25,0.0025866238866001368
M-25-N-25-pa-0.55-pe-1.00,25,25,0.04602093994617462
M-25-N-5-pa-0.25-pe-1.00,16,5,0.0017105161678045988
M-25-N-10-pa-0.85-pe-1.00,25,10,0.0010880688205361366
M-25-N-50-pa-0.75-pe-1.00,25,50,0.003639166010543704
M-25-N-25-pa-0.15-pe-1.00,24,25,0.003814694005995989
M-25-N-50-pa-0.45-pe-1.00,25,50,0.0034220190718770027
M-25-N-5-pa-0.55-pe-1.00,25,5,0.0010396651923656464
M-25-N-25-pa-0.25-pe-1.00,25,25,0.018579506780952215
M-25-N-5-pa-0.15-pe-1.00,21,5,0.00175186013802886
M-25-N-10-pa-0.15-pe-1.00,20,10,0.0011958058457821608
M-25-N-5-pa-0.85-pe-1.00,25,5,0.001755017088726163
M-25-N-10-pa-0.55-pe-1.00,25,10,0.0019621721003204584
M-25-N-50-pa-0.85-pe-1.00,25,50,0.01435128296725452
M-25-N-10-pa-0.05-pe-1.00,12,9,0.0010182480327785015
M-25-N-50-pa-0.05-pe-1.00,24,37,0.002425934886559844
M-50-N-50-pa-0.25-pe-1.00,50,50,0.964678772026673
M-50-N-5-pa-0.05-pe-1.00,15,5,0.0008152250666171312
M-50-N-50-pa-0.55-pe-1.00,50,50,0.2603020560927689
M-50-N-5-pa-0.85-pe-1.00,50,5,0.004356707911938429
M-50-N-50-pa-0.85-pe-1.00,50,50,0.10891258297488093
M-50-N-5-pa-0.65-pe-1.00,48,5,0.002028621966019273
M-50-N-25-pa-0.55-pe-1.00,50,25,0.004504597978666425
M-50-N-5-pa-0.25-pe-1.00,39,5,0.005494913086295128
M-50-N-25-pa-0.05-pe-1.00,41,25,0.006783663993701339
M-50-N-10-pa-0.05-pe-1.00,21,10,0.02453162707388401
M-50-N-10-pa-0.55-pe-1.00,50,10,0.016087410040199757
M-50-N-50-pa-0.05-pe-1.00,45,48,0.015680351993069053
M-50-N-50-pa-0.65-pe-1.00,50,50,1.2274657760281116
M-50-N-50-pa-0.95-pe-1.00,50,41,0.0037872609682381153
M-50-N-50-pa-0.35-pe-1.00,50,50,0.15653995401225984
M-50-N-10-pa-0.65-pe-1.00,50,10,0.06053815386258066
M-50-N-10-pa-0.25-pe-1.00,47,10,0.01378709590062499
M-50-N-25-pa-0.45-pe-1.00,50,25,0.10003510513342917
M-50-N-5-pa-0.45-pe-1.00,48,5,0.0013140900991857052
M-50-N-5-pa-0.55-pe-1.00,48,5,0.0015908931382000446
M-50-N-5-pa-0.35-pe-1.00,44,5,0.0013238030951470137
M-50-N-25-pa-0.95-pe-1.00,50,21,0.0049630459398031235
M-50-N-25-pa-0.25-pe-1.00,50,25,0.00427915109321475
M-50-N-25-pa-0.75-pe-1.00,50,25,0.06834985502064228
M-50-N-50-pa-0.75-pe-1.00,50,50,0.022023941157385707
M-50-N-10-pa-0.35-pe-1.00,49,10,0.0019898468162864447
M-50-N-5-pa-0.95-pe-1.00,50,5,0.005784351844340563
M-50-N-10-pa-0.45-pe-1.00,50,10,0.009406848810613155
M-50-N-10-pa-0.95-pe-1.00,50,9,0.005784726003184915
M-50-N-50-pa-0.15-pe-1.00,50,50,0.47226369101554155
M-50-N-25-pa-0.85-pe-1.00,50,25,0.0026232628151774406
M-50-N-5-pa-0.15-pe-1.00,34,5,0.006009215954691172
M-50-N-25-pa-0.35-pe-1.00,50,25,0.012973441043868661
M-50-N-25-pa-0.15-pe-1.00,50,25,0.044671331997960806
M-50-N-10-pa-0.75-pe-1.00,50,10,0.0023147568572312593
M-50-N-5-pa-0.75-pe-1.00,50,5,0.0023196591064333916
M-50-N-25-pa-0.65-pe-1.00,50,25,0.013915454037487507
M-50-N-10-pa-0.15-pe-1.00,39,10,0.004923881962895393
M-50-N-10-pa-0.85-pe-1.00,50,10,0.002098150784149766
M-50-N-50-pa-0.45-pe-1.00,50,50,0.0330474260263145
